length,pool_size,lower_ratio,upper_ratio,digit_ratio,symbol_ratio,unique_ratio,repeat_ratio,sequence_ratio,alpha_ratio,digit_run,symbol_run,label
0.343750,1.000000,0.454545,0.090909,0.363636,0.090909,0.909091,0.000000,0.200000,0.545455,0.333333,0.083333,Fair
0.375000,1.000000,0.416667,0.166667,0.333333,0.083333,0.833333,0.181818,0.000000,0.583333,0.333333,0.083333,Fair
0.312500,0.273684,1.000000,0.000000,0.000000,0.000000,0.100000,1.000000,0.000000,1.000000,0.000000,0.000000,Weak
0.375000,1.000000,0.416667,0.166667,0.333333,0.083333,0.916667,0.090909,0.000000,0.583333,0.333333,0.083333,Fair
0.718750,1.000000,0.391304,0.304348,0.173913,0.130435,0.826087,0.045455,0.045455,0.695652,0.166667,0.083333,Strong
0.187500,0.273684,1.000000,0.000000,0.000000,0.000000,0.166667,1.000000,0.000000,1.000000,0.000000,0.000000,Weak
0.281250,1.000000,0.555556,0.111111,0.222222,0.111111,1.000000,0.000000,0.125000,0.666667,0.166667,0.083333,Weak
0.656250,1.000000,0.428571,0.380952,0.142857,0.047619,0.809524,0.050000,0.100000,0.809524,0.166667,0.083333,Strong
0.656250,1.000000,0.285714,0.476190,0.190476,0.047619,0.809524,0.000000,0.050000,0.761905,0.083333,0.083333,Strong
0.250000,0.378947,0.750000,0.000000,0.250000,0.000000,1.000000,0.000000,0.142857,0.750000,0.166667,0.000000,Weak
0.312500,1.000000,0.400000,0.100000,0.400000,0.100000,0.600000,0.333333,0.222222,0.500000,0.333333,0.083333,Fair
0.875000,1.000000,0.785714,0.035714,0.071429,0.107143,0.607143,0.037037,0.000000,0.821429,0.166667,0.083333,Strong
0.593750,1.000000,0.421053,0.368421,0.105263,0.105263,0.947368,0.000000,0.166667,0.789474,0.166667,0.083333,Strong
0.656250,1.000000,0.333333,0.333333,0.095238,0.238095,0.952381,0.000000,0.000000,0.666667,0.083333,0.166667,Strong
0.375000,1.000000,0.416667,0.166667,0.333333,0.083333,0.833333,0.090909,0.000000,0.583333,0.333333,0.083333,Fair
0.281250,0.378947,0.777778,0.000000,0.222222,0.000000,0.888889,0.000000,0.000000,0.777778,0.166667,0.000000,Weak
0.218750,0.378947,0.857143,0.000000,0.142857,0.000000,1.000000,0.000000,0.000000,0.857143,0.083333,0.000000,Weak
0.312500,1.000000,0.600000,0.100000,0.200000,0.100000,0.900000,0.000000,0.111111,0.700000,0.166667,0.083333,Weak
0.718750,1.000000,0.347826,0.434783,0.173913,0.043478,0.869565,0.000000,0.045455,0.782609,0.083333,0.083333,Strong
0.156250,0.378947,0.800000,0.000000,0.200000,0.000000,1.000000,0.000000,0.750000,0.800000,0.083333,0.000000,Weak
0.593750,1.000000,0.315789,0.421053,0.052632,0.210526,0.842105,0.000000,0.000000,0.736842,0.083333,0.166667,Strong
0.875000,1.000000,0.785714,0.035714,0.071429,0.107143,0.607143,0.037037,0.000000,0.821429,0.166667,0.083333,Strong
0.656250,1.000000,0.476190,0.238095,0.142857,0.142857,0.952381,0.000000,0.050000,0.714286,0.083333,0.083333,Strong
0.281250,1.000000,0.444444,0.111111,0.333333,0.111111,1.000000,0.000000,0.000000,0.555556,0.250000,0.083333,Fair
0.156250,0.273684,1.000000,0.000000,0.000000,0.000000,0.200000,1.000000,0.000000,1.000000,0.000000,0.000000,Weak
0.875000,1.000000,0.785714,0.035714,0.071429,0.107143,0.678571,0.037037,0.037037,0.821429,0.166667,0.083333,Strong
0.281250,1.000000,0.555556,0.111111,0.222222,0.111111,0.888889,0.125000,0.000000,0.666667,0.166667,0.083333,Weak
0.312500,1.000000,0.600000,0.100000,0.200000,0.100000,0.900000,0.000000,0.000000,0.700000,0.166667,0.083333,Weak
0.250000,0.105263,0.000000,0.000000,1.000000,0.000000,0.125000,1.000000,0.000000,0.000000,0.666667,0.000000,Weak
0.125000,0.105263,0.000000,0.000000,1.000000,0.000000,0.750000,0.000000,0.666667,0.000000,0.333333,0.000000,Weak
0.812500,1.000000,0.769231,0.038462,0.076923,0.115385,0.692308,0.000000,0.000000,0.807692,0.166667,0.083333,Strong
0.343750,1.000000,0.454545,0.090909,0.363636,0.090909,0.909091,0.100000,0.200000,0.545455,0.333333,0.083333,Fair
0.375000,1.000000,0.416667,0.166667,0.333333,0.083333,0.916667,0.000000,0.090909,0.583333,0.333333,0.083333,Fair
0.312500,1.000000,0.400000,0.100000,0.400000,0.100000,0.900000,0.000000,0.111111,0.500000,0.333333,0.083333,Fair
0.343750,1.000000,0.454545,0.090909,0.363636,0.090909,0.909091,0.100000,0.200000,0.545455,0.333333,0.083333,Fair
0.812500,1.000000,0.384615,0.423077,0.115385,0.076923,0.846154,0.000000,0.000000,0.807692,0.083333,0.083333,Strong
0.625000,1.000000,0.200000,0.500000,0.200000,0.100000,0.850000,0.052632,0.000000,0.700000,0.166667,0.083333,Strong
0.250000,0.378947,0.750000,0.000000,0.250000,0.000000,1.000000,0.000000,0.142857,0.750000,0.166667,0.000000,Weak
0.281250,0.378947,0.777778,0.000000,0.222222,0.000000,0.888889,0.000000,0.125000,0.777778,0.166667,0.000000,Weak
0.125000,0.105263,0.000000,0.000000,1.000000,0.000000,1.000000,0.000000,0.666667,0.000000,0.333333,0.000000,Weak
0.812500,1.000000,0.769231,0.038462,0.076923,0.115385,0.576923,0.040000,0.000000,0.807692,0.166667,0.083333,Strong
0.281250,1.000000,0.444444,0.111111,0.333333,0.111111,1.000000,0.000000,0.000000,0.555556,0.250000,0.083333,Fair
0.312500,1.000000,0.400000,0.100000,0.400000,0.100000,1.000000,0.000000,0.111111,0.500000,0.333333,0.083333,Fair
0.156250,0.105263,0.000000,0.000000,1.000000,0.000000,0.800000,0.000000,0.750000,0.000000,0.416667,0.000000,Weak
0.375000,1.000000,0.500000,0.083333,0.333333,0.083333,0.916667,0.000000,0.181818,0.583333,0.333333,0.083333,Fair
0.625000,1.000000,0.200000,0.650000,0.100000,0.050000,0.800000,0.000000,0.105263,0.850000,0.083333,0.083333,Strong
0.312500,0.105263,0.000000,0.000000,1.000000,0.000000,0.100000,1.000000,0.000000,0.000000,0.833333,0.000000,Weak
0.281250,0.105263,0.000000,0.000000,1.000000,0.000000,0.111111,1.000000,0.000000,0.000000,0.750000,0.000000,Weak
0.312500,1.000000,0.600000,0.100000,0.200000,0.100000,0.900000,0.000000,0.000000,0.700000,0.166667,0.083333,Weak
0.312500,0.273684,1.000000,0.000000,0.000000,0.000000,0.100000,1.000000,0.000000,1.000000,0.000000,0.000000,Weak
0.312500,1.000000,0.400000,0.100000,0.400000,0.100000,0.900000,0.000000,0.333333,0.500000,0.333333,0.083333,Fair
0.500000,1.000000,0.312500,0.250000,0.250000,0.187500,0.812500,0.000000,0.000000,0.562500,0.083333,0.083333,Strong
0.375000,1.000000,0.500000,0.083333,0.333333,0.083333,0.916667,0.000000,0.181818,0.583333,0.333333,0.083333,Fair
0.343750,1.000000,0.363636,0.181818,0.363636,0.090909,0.909091,0.100000,0.200000,0.545455,0.333333,0.083333,Fair
0.281250,1.000000,0.444444,0.111111,0.333333,0.111111,0.888889,0.125000,0.000000,0.555556,0.250000,0.083333,Fair
0.156250,0.378947,0.800000,0.000000,0.200000,0.000000,1.000000,0.000000,0.750000,0.800000,0.083333,0.000000,Weak
0.687500,1.000000,0.454545,0.318182,0.136364,0.090909,0.818182,0.000000,0.047619,0.772727,0.166667,0.083333,Strong
0.250000,0.378947,0.750000,0.000000,0.250000,0.000000,1.000000,0.000000,0.142857,0.750000,0.166667,0.000000,Weak
0.281250,1.000000,0.555556,0.111111,0.222222,0.111111,0.888889,0.125000,0.125000,0.666667,0.166667,0.083333,Weak
0.375000,1.000000,0.416667,0.166667,0.333333,0.083333,0.916667,0.000000,0.000000,0.583333,0.333333,0.083333,Fair
0.281250,1.000000,0.555556,0.111111,0.222222,0.111111,0.888889,0.125000,0.125000,0.666667,0.166667,0.083333,Weak
0.718750,1.000000,0.347826,0.478261,0.086957,0.086957,0.782609,0.045455,0.045455,0.826087,0.166667,0.083333,Strong
0.281250,0.378947,0.777778,0.000000,0.222222,0.000000,0.888889,0.000000,0.000000,0.777778,0.166667,0.000000,Weak
0.156250,0.378947,0.800000,0.000000,0.200000,0.000000,1.000000,0.000000,0.750000,0.800000,0.083333,0.000000,Weak
0.343750,1.000000,0.363636,0.181818,0.363636,0.090909,0.909091,0.000000,0.400000,0.545455,0.333333,0.083333,Fair
0.156250,0.378947,0.800000,0.000000,0.200000,0.000000,1.000000,0.000000,0.750000,0.800000,0.083333,0.000000,Weak
0.562500,0.652632,0.444444,0.388889,0.166667,0.000000,0.888889,0.000000,0.058824,0.833333,0.166667,0.000000,Strong
0.343750,1.000000,0.454545,0.090909,0.363636,0.090909,1.000000,0.000000,0.100000,0.545455,0.333333,0.083333,Fair
0.281250,1.000000,0.555556,0.111111,0.222222,0.111111,1.000000,0.000000,0.125000,0.666667,0.166667,0.083333,Weak
0.156250,0.378947,0.800000,0.000000,0.200000,0.000000,1.000000,0.000000,0.750000,0.800000,0.083333,0.000000,Weak
0.312500,1.000000,0.400000,0.100000,0.400000,0.100000,0.900000,0.000000,0.000000,0.500000,0.333333,0.083333,Fair
0.812500,1.000000,0.769231,0.038462,0.076923,0.115385,0.576923,0.040000,0.080000,0.807692,0.166667,0.083333,Strong
0.406250,1.000000,0.461538,0.153846,0.307692,0.076923,0.846154,0.083333,0.166667,0.615385,0.333333,0.083333,Fair
0.156250,0.378947,0.800000,0.000000,0.200000,0.000000,1.000000,0.000000,0.750000,0.800000,0.083333,0.000000,Weak
0.781250,1.000000,0.760000,0.040000,0.080000,0.120000,0.640000,0.041667,0.083333,0.800000,0.166667,0.083333,Strong
0.281250,0.105263,0.000000,0.000000,1.000000,0.000000,0.111111,1.000000,0.000000,0.000000,0.750000,0.000000,Weak
0.843750,1.000000,0.777778,0.037037,0.074074,0.111111,0.629630,0.000000,0.038462,0.814815,0.166667,0.083333,Strong
0.343750,1.000000,0.454545,0.090909,0.363636,0.090909,0.909091,0.000000,0.000000,0.545455,0.333333,0.083333,Fair
0.843750,1.000000,0.777778,0.037037,0.074074,0.111111,0.592593,0.000000,0.076923,0.814815,0.166667,0.083333,Strong
0.656250,1.000000,0.476190,0.285714,0.142857,0.095238,0.904762,0.000000,0.050000,0.761905,0.083333,0.083333,Strong
0.218750,0.378947,0.857143,0.000000,0.142857,0.000000,1.000000,0.000000,0.000000,0.857143,0.083333,0.000000,Weak
0.875000,1.000000,0.785714,0.035714,0.071429,0.107143,0.607143,0.037037,0.000000,0.821429,0.166667,0.083333,Strong
0.812500,1.000000,0.769231,0.038462,0.076923,0.115385,0.692308,0.000000,0.080000,0.807692,0.166667,0.083333,Strong
0.812500,1.000000,0.769231,0.038462,0.076923,0.115385,0.615385,0.000000,0.080000,0.807692,0.166667,0.083333,Strong
0.343750,1.000000,0.363636,0.181818,0.363636,0.090909,0.909091,0.000000,0.000000,0.545455,0.333333,0.083333,Fair
0.812500,1.000000,0.423077,0.423077,0.038462,0.115385,0.923077,0.000000,0.000000,0.846154,0.083333,0.166667,Strong
0.375000,1.000000,0.416667,0.166667,0.333333,0.083333,1.000000,0.000000,0.000000,0.583333,0.333333,0.083333,Fair
0.375000,1.000000,0.416667,0.166667,0.333333,0.083333,0.833333,0.181818,0.000000,0.583333,0.333333,0.083333,Fair
0.312500,0.378947,0.800000,0.000000,0.200000,0.000000,0.800000,0.222222,0.000000,0.800000,0.166667,0.000000,Weak
0.343750,1.000000,0.454545,0.090909,0.363636,0.090909,1.000000,0.000000,0.100000,0.545455,0.333333,0.083333,Fair
0.312500,0.273684,1.000000,0.000000,0.000000,0.000000,0.100000,1.000000,0.000000,1.000000,0.000000,0.000000,Weak
0.375000,1.000000,0.416667,0.166667,0.333333,0.083333,1.000000,0.000000,0.000000,0.583333,0.333333,0.083333,Fair
0.750000,1.000000,0.458333,0.375000,0.125000,0.041667,0.791667,0.043478,0.043478,0.833333,0.083333,0.083333,Strong
0.875000,1.000000,0.785714,0.035714,0.071429,0.107143,0.607143,0.037037,0.037037,0.821429,0.166667,0.083333,Strong
0.812500,1.000000,0.769231,0.038462,0.076923,0.115385,0.692308,0.040000,0.000000,0.807692,0.166667,0.083333,Strong
0.687500,1.000000,0.363636,0.409091,0.181818,0.045455,0.863636,0.000000,0.000000,0.772727,0.166667,0.083333,Strong
0.375000,1.000000,0.416667,0.166667,0.333333,0.083333,1.000000,0.000000,0.000000,0.583333,0.333333,0.083333,Fair
0.843750,1.000000,0.777778,0.037037,0.074074,0.111111,0.592593,0.038462,0.000000,0.814815,0.166667,0.083333,Strong
0.875000,1.000000,0.785714,0.035714,0.071429,0.107143,0.535714,0.000000,0.037037,0.821429,0.166667,0.083333,Strong
0.343750,1.000000,0.454545,0.090909,0.363636,0.090909,0.818182,0.100000,0.100000,0.545455,0.333333,0.083333,Fair
0.781250,1.000000,0.360000,0.440000,0.080000,0.120000,0.880000,0.041667,0.041667,0.800000,0.083333,0.083333,Strong
0.281250,1.000000,0.555556,0.111111,0.222222,0.111111,1.000000,0.000000,0.000000,0.666667,0.166667,0.083333,Weak
0.687500,1.000000,0.363636,0.454545,0.090909,0.090909,0.909091,0.000000,0.000000,0.818182,0.083333,0.083333,Strong
0.375000,1.000000,0.416667,0.166667,0.333333,0.083333,0.833333,0.181818,0.000000,0.583333,0.333333,0.083333,Fair
0.343750,1.000000,0.363636,0.181818,0.363636,0.090909,1.000000,0.000000,0.200000,0.545455,0.333333,0.083333,Fair
0.250000,0.378947,0.750000,0.000000,0.250000,0.000000,1.000000,0.000000,0.142857,0.750000,0.166667,0.000000,Weak
0.781250,1.000000,0.440000,0.360000,0.080000,0.120000,0.840000,0.000000,0.041667,0.800000,0.166667,0.166667,Strong
0.312500,0.273684,1.000000,0.000000,0.000000,0.000000,0.100000,1.000000,0.000000,1.000000,0.000000,0.000000,Weak
0.281250,1.000000,0.555556,0.111111,0.222222,0.111111,1.000000,0.000000,0.125000,0.666667,0.166667,0.083333,Weak
0.281250,1.000000,0.555556,0.111111,0.222222,0.111111,0.888889,0.125000,0.000000,0.666667,0.166667,0.083333,Weak
0.312500,1.000000,0.400000,0.100000,0.400000,0.100000,0.900000,0.000000,0.111111,0.500000,0.333333,0.083333,Fair
0.281250,1.000000,0.555556,0.111111,0.222222,0.111111,1.000000,0.000000,0.250000,0.666667,0.166667,0.083333,Weak
0.343750,1.000000,0.454545,0.090909,0.363636,0.090909,0.909091,0.000000,0.000000,0.545455,0.333333,0.083333,Fair
0.312500,0.378947,0.800000,0.000000,0.200000,0.000000,0.900000,0.111111,0.000000,0.800000,0.166667,0.000000,Weak
0.343750,1.000000,0.454545,0.090909,0.363636,0.090909,0.909091,0.100000,0.000000,0.545455,0.333333,0.083333,Fair
0.343750,1.000000,0.545455,0.090909,0.272727,0.090909,1.000000,0.000000,0.000000,0.636364,0.250000,0.083333,Fair
0.843750,1.000000,0.777778,0.037037,0.074074,0.111111,0.555556,0.038462,0.000000,0.814815,0.166667,0.083333,Strong
0.718750,1.000000,0.347826,0.260870,0.217391,0.173913,0.782609,0.000000,0.045455,0.608696,0.166667,0.083333,Strong
0.312500,1.000000,0.400000,0.100000,0.400000,0.100000,1.000000,0.000000,0.111111,0.500000,0.333333,0.083333,Fair
0.281250,0.378947,0.777778,0.000000,0.222222,0.000000,0.888889,0.000000,0.125000,0.777778,0.166667,0.000000,Weak
0.312500,0.378947,0.800000,0.000000,0.200000,0.000000,0.900000,0.111111,0.000000,0.800000,0.166667,0.000000,Weak
0.812500,1.000000,0.769231,0.038462,0.076923,0.115385,0.653846,0.000000,0.120000,0.807692,0.166667,0.083333,Strong
0.312500,0.105263,0.000000,0.000000,1.000000,0.000000,0.100000,1.000000,0.000000,0.000000,0.833333,0.000000,Weak
0.156250,0.105263,0.000000,0.000000,1.000000,0.000000,0.800000,0.000000,0.750000,0.000000,0.416667,0.000000,Weak
0.250000,0.378947,0.750000,0.000000,0.250000,0.000000,0.875000,0.142857,0.000000,0.750000,0.166667,0.000000,Weak
0.843750,1.000000,0.777778,0.037037,0.074074,0.111111,0.518519,0.076923,0.000000,0.814815,0.166667,0.083333,Strong
0.812500,1.000000,0.769231,0.038462,0.076923,0.115385,0.653846,0.040000,0.040000,0.807692,0.166667,0.083333,Strong
0.343750,1.000000,0.454545,0.090909,0.363636,0.090909,1.000000,0.000000,0.000000,0.545455,0.333333,0.083333,Fair
0.656250,1.000000,0.380952,0.285714,0.190476,0.142857,0.809524,0.050000,0.050000,0.666667,0.083333,0.166667,Strong
0.312500,1.000000,0.400000,0.100000,0.400000,0.100000,0.900000,0.000000,0.000000,0.500000,0.333333,0.083333,Fair
0.312500,1.000000,0.400000,0.100000,0.400000,0.100000,1.000000,0.000000,0.000000,0.500000,0.333333,0.083333,Fair
0.906250,1.000000,0.793103,0.034483,0.068966,0.103448,0.586207,0.071429,0.000000,0.827586,0.166667,0.083333,Strong
0.625000,0.652632,0.450000,0.300000,0.250000,0.000000,0.900000,0.000000,0.157895,0.750000,0.166667,0.000000,Strong
0.781250,1.000000,0.320000,0.520000,0.120000,0.040000,0.960000,0.000000,0.041667,0.840000,0.083333,0.083333,Strong
0.531250,0.894737,0.470588,0.411765,0.000000,0.117647,1.000000,0.000000,0.000000,0.882353,0.000000,0.083333,Strong
0.281250,1.000000,0.333333,0.111111,0.444444,0.111111,0.888889,0.000000,0.000000,0.444444,0.333333,0.083333,Fair
0.343750,1.000000,0.363636,0.181818,0.363636,0.090909,0.909091,0.000000,0.200000,0.545455,0.333333,0.083333,Fair
0.937500,1.000000,0.800000,0.033333,0.066667,0.100000,0.600000,0.000000,0.000000,0.833333,0.166667,0.083333,Strong
0.312500,1.000000,0.600000,0.100000,0.200000,0.100000,0.900000,0.000000,0.000000,0.700000,0.166667,0.083333,Weak
0.312500,1.000000,0.400000,0.100000,0.400000,0.100000,0.800000,0.111111,0.444444,0.500000,0.333333,0.083333,Fair
0.812500,1.000000,0.769231,0.038462,0.076923,0.115385,0.653846,0.040000,0.120000,0.807692,0.166667,0.083333,Strong
0.375000,1.000000,0.500000,0.083333,0.333333,0.083333,0.833333,0.000000,0.181818,0.583333,0.333333,0.083333,Fair
0.843750,1.000000,0.777778,0.037037,0.074074,0.111111,0.592593,0.038462,0.076923,0.814815,0.166667,0.083333,Strong
0.406250,1.000000,0.461538,0.153846,0.307692,0.076923,0.923077,0.000000,0.083333,0.615385,0.333333,0.083333,Fair
0.156250,0.105263,0.000000,0.000000,1.000000,0.000000,1.000000,0.000000,1.000000,0.000000,0.416667,0.000000,Weak
0.156250,0.105263,0.000000,0.000000,1.000000,0.000000,1.000000,0.000000,0.750000,0.000000,0.416667,0.000000,Weak
0.343750,1.000000,0.454545,0.090909,0.363636,0.090909,1.000000,0.000000,0.000000,0.545455,0.333333,0.083333,Fair
0.156250,0.105263,0.000000,0.000000,1.000000,0.000000,1.000000,0.000000,0.750000,0.000000,0.416667,0.000000,Weak
0.343750,1.000000,0.454545,0.090909,0.363636,0.090909,1.000000,0.000000,0.000000,0.545455,0.333333,0.083333,Fair
0.312500,1.000000,0.400000,0.100000,0.400000,0.100000,0.900000,0.000000,0.000000,0.500000,0.333333,0.083333,Fair
0.843750,1.000000,0.777778,0.037037,0.074074,0.111111,0.518519,0.038462,0.000000,0.814815,0.166667,0.083333,Strong
0.656250,1.000000,0.428571,0.285714,0.142857,0.142857,0.904762,0.000000,0.050000,0.714286,0.083333,0.083333,Strong
0.343750,1.000000,0.363636,0.181818,0.363636,0.090909,0.818182,0.100000,0.000000,0.545455,0.333333,0.083333,Fair
0.375000,1.000000,0.500000,0.083333,0.333333,0.083333,0.916667,0.000000,0.181818,0.583333,0.333333,0.083333,Fair
0.343750,1.000000,0.363636,0.181818,0.363636,0.090909,1.000000,0.000000,0.000000,0.545455,0.333333,0.083333,Fair
0.593750,1.000000,0.263158,0.421053,0.210526,0.105263,0.894737,0.000000,0.000000,0.684211,0.166667,0.083333,Strong
0.718750,1.000000,0.347826,0.260870,0.173913,0.217391,0.869565,0.000000,0.000000,0.608696,0.083333,0.083333,Strong
0.281250,1.000000,0.555556,0.111111,0.222222,0.111111,1.000000,0.000000,0.125000,0.666667,0.166667,0.083333,Weak
0.281250,1.000000,0.555556,0.111111,0.222222,0.111111,1.000000,0.000000,0.250000,0.666667,0.166667,0.083333,Weak
0.250000,0.378947,0.750000,0.000000,0.250000,0.000000,0.875000,0.142857,0.000000,0.750000,0.166667,0.000000,Weak
0.906250,1.000000,0.793103,0.034483,0.068966,0.103448,0.551724,0.035714,0.000000,0.827586,0.166667,0.083333,Strong
0.343750,1.000000,0.454545,0.090909,0.363636,0.090909,1.000000,0.000000,0.100000,0.545455,0.333333,0.083333,Fair
0.250000,0.378947,0.875000,0.000000,0.125000,0.000000,0.875000,0.000000,0.000000,0.875000,0.083333,0.000000,Weak
0.312500,1.000000,0.600000,0.100000,0.200000,0.100000,0.900000,0.000000,0.000000,0.700000,0.166667,0.083333,Weak
0.312500,1.000000,0.600000,0.100000,0.200000,0.100000,0.900000,0.000000,0.000000,0.700000,0.166667,0.083333,Weak
0.343750,1.000000,0.454545,0.090909,0.363636,0.090909,0.909091,0.100000,0.000000,0.545455,0.333333,0.083333,Fair
0.281250,0.378947,0.777778,0.000000,0.222222,0.000000,0.777778,0.125000,0.000000,0.777778,0.166667,0.000000,Weak
0.312500,0.378947,0.800000,0.000000,0.200000,0.000000,0.900000,0.111111,0.111111,0.800000,0.166667,0.000000,Weak
0.156250,0.378947,0.800000,0.000000,0.200000,0.000000,1.000000,0.000000,0.750000,0.800000,0.083333,0.000000,Weak
0.843750,1.000000,0.777778,0.037037,0.074074,0.111111,0.592593,0.038462,0.000000,0.814815,0.166667,0.083333,Strong
0.125000,0.273684,1.000000,0.000000,0.000000,0.000000,0.250000,1.000000,0.000000,1.000000,0.000000,0.000000,Weak
0.281250,1.000000,0.444444,0.111111,0.333333,0.111111,1.000000,0.000000,0.000000,0.555556,0.250000,0.083333,Fair
0.156250,0.105263,0.000000,0.000000,1.000000,0.000000,0.200000,1.000000,0.000000,0.000000,0.416667,0.000000,Weak
0.593750,1.000000,0.315789,0.473684,0.157895,0.052632,0.789474,0.055556,0.000000,0.789474,0.083333,0.083333,Strong
0.531250,1.000000,0.411765,0.235294,0.235294,0.117647,0.705882,0.125000,0.000000,0.647059,0.083333,0.166667,Strong
0.312500,1.000000,0.600000,0.100000,0.200000,0.100000,0.900000,0.000000,0.000000,0.700000,0.166667,0.083333,Weak
0.500000,1.000000,0.312500,0.312500,0.250000,0.125000,0.937500,0.000000,0.066667,0.625000,0.083333,0.083333,Strong
0.406250,1.000000,0.461538,0.153846,0.307692,0.076923,0.923077,0.000000,0.083333,0.615385,0.333333,0.083333,Fair
0.125000,0.105263,0.000000,0.000000,1.000000,0.000000,0.750000,0.000000,0.666667,0.000000,0.333333,0.000000,Weak
0.125000,0.105263,0.000000,0.000000,1.000000,0.000000,0.250000,1.000000,0.000000,0.000000,0.333333,0.000000,Weak
0.812500,1.000000,0.769231,0.038462,0.076923,0.115385,0.653846,0.040000,0.040000,0.807692,0.166667,0.083333,Strong
0.687500,1.000000,0.272727,0.545455,0.136364,0.045455,0.818182,0.000000,0.047619,0.818182,0.083333,0.083333,Strong
0.343750,1.000000,0.454545,0.090909,0.363636,0.090909,0.818182,0.100000,0.000000,0.545455,0.333333,0.083333,Fair
0.281250,1.000000,0.555556,0.111111,0.222222,0.111111,1.000000,0.000000,0.125000,0.666667,0.166667,0.083333,Weak
0.312500,1.000000,0.400000,0.100000,0.400000,0.100000,1.000000,0.000000,0.222222,0.500000,0.333333,0.083333,Fair
0.312500,1.000000,0.400000,0.100000,0.400000,0.100000,0.900000,0.111111,0.000000,0.500000,0.333333,0.083333,Fair
0.718750,1.000000,0.478261,0.347826,0.043478,0.130435,0.869565,0.000000,0.045455,0.826087,0.083333,0.083333,Strong
0.312500,1.000000,0.300000,0.200000,0.400000,0.100000,1.000000,0.000000,0.111111,0.500000,0.333333,0.083333,Fair
0.968750,1.000000,0.806452,0.032258,0.064516,0.096774,0.548387,0.000000,0.000000,0.838710,0.166667,0.083333,Strong
0.312500,0.105263,0.000000,0.000000,1.000000,0.000000,0.100000,1.000000,0.000000,0.000000,0.833333,0.000000,Weak
0.343750,1.000000,0.454545,0.090909,0.363636,0.090909,1.000000,0.000000,0.000000,0.545455,0.333333,0.083333,Fair
0.937500,1.000000,0.800000,0.033333,0.066667,0.100000,0.533333,0.000000,0.103448,0.833333,0.166667,0.083333,Strong
0.312500,1.000000,0.600000,0.100000,0.200000,0.100000,0.800000,0.111111,0.000000,0.700000,0.166667,0.083333,Weak
0.156250,0.105263,0.000000,0.000000,1.000000,0.000000,1.000000,0.000000,1.000000,0.000000,0.416667,0.000000,Weak
0.312500,1.000000,0.600000,0.100000,0.200000,0.100000,0.900000,0.000000,0.000000,0.700000,0.166667,0.083333,Weak
0.343750,1.000000,0.363636,0.181818,0.363636,0.090909,0.909091,0.000000,0.300000,0.545455,0.333333,0.083333,Fair
0.500000,0.652632,0.312500,0.562500,0.125000,0.000000,1.000000,0.000000,0.266667,0.875000,0.083333,0.000000,Strong
0.312500,1.000000,0.400000,0.100000,0.400000,0.100000,1.000000,0.000000,0.000000,0.500000,0.333333,0.083333,Fair
0.250000,0.378947,0.750000,0.000000,0.250000,0.000000,1.000000,0.000000,0.142857,0.750000,0.166667,0.000000,Weak
0.250000,0.378947,0.750000,0.000000,0.250000,0.000000,1.000000,0.000000,0.285714,0.750000,0.166667,0.000000,Weak
0.281250,0.105263,0.000000,0.000000,1.000000,0.000000,0.111111,1.000000,0.000000,0.000000,0.750000,0.000000,Weak
0.375000,1.000000,0.416667,0.166667,0.333333,0.083333,0.750000,0.181818,0.000000,0.583333,0.333333,0.083333,Fair
0.500000,0.652632,0.687500,0.250000,0.062500,0.000000,0.750000,0.000000,0.000000,0.937500,0.083333,0.000000,Strong
0.281250,0.378947,0.777778,0.000000,0.222222,0.000000,0.888889,0.000000,0.000000,0.777778,0.166667,0.000000,Weak
0.843750,1.000000,0.777778,0.037037,0.074074,0.111111,0.592593,0.000000,0.153846,0.814815,0.166667,0.083333,Strong
0.343750,1.000000,0.454545,0.181818,0.272727,0.090909,1.000000,0.000000,0.100000,0.636364,0.250000,0.083333,Fair
0.250000,0.273684,1.000000,0.000000,0.000000,0.000000,0.125000,1.000000,0.000000,1.000000,0.000000,0.000000,Weak
0.156250,0.105263,0.000000,0.000000,1.000000,0.000000,0.800000,0.000000,1.000000,0.000000,0.416667,0.000000,Weak
0.312500,1.000000,0.600000,0.100000,0.200000,0.100000,0.900000,0.000000,0.111111,0.700000,0.166667,0.083333,Weak
0.343750,1.000000,0.363636,0.181818,0.363636,0.090909,0.909091,0.000000,0.000000,0.545455,0.333333,0.083333,Fair
0.343750,1.000000,0.363636,0.181818,0.363636,0.090909,0.909091,0.100000,0.100000,0.545455,0.333333,0.083333,Fair
0.312500,0.378947,0.800000,0.000000,0.200000,0.000000,0.900000,0.111111,0.000000,0.800000,0.166667,0.000000,Weak
0.125000,0.105263,0.000000,0.000000,1.000000,0.000000,1.000000,0.000000,0.666667,0.000000,0.333333,0.000000,Weak
0.718750,1.000000,0.260870,0.434783,0.217391,0.086957,0.826087,0.000000,0.045455,0.695652,0.166667,0.083333,Strong
0.281250,1.000000,0.555556,0.111111,0.222222,0.111111,1.000000,0.000000,0.000000,0.666667,0.166667,0.083333,Weak
0.125000,0.105263,0.000000,0.000000,1.000000,0.000000,1.000000,0.000000,0.666667,0.000000,0.333333,0.000000,Weak
0.250000,1.000000,0.375000,0.125000,0.375000,0.125000,0.875000,0.142857,0.000000,0.500000,0.250000,0.083333,Fair
0.281250,1.000000,0.555556,0.111111,0.222222,0.111111,0.888889,0.125000,0.125000,0.666667,0.166667,0.083333,Weak
0.218750,0.273684,1.000000,0.000000,0.000000,0.000000,0.142857,1.000000,0.000000,1.000000,0.000000,0.000000,Weak
0.906250,1.000000,0.793103,0.034483,0.068966,0.103448,0.620690,0.000000,0.035714,0.827586,0.166667,0.083333,Strong
0.906250,1.000000,0.793103,0.034483,0.068966,0.103448,0.482759,0.035714,0.071429,0.827586,0.166667,0.083333,Strong
0.812500,1.000000,0.769231,0.038462,0.076923,0.115385,0.615385,0.000000,0.000000,0.807692,0.166667,0.083333,Strong
0.281250,1.000000,0.333333,0.111111,0.444444,0.111111,0.888889,0.125000,0.000000,0.444444,0.333333,0.083333,Fair
0.250000,0.378947,0.750000,0.000000,0.250000,0.000000,1.000000,0.000000,0.142857,0.750000,0.166667,0.000000,Weak
0.281250,1.000000,0.333333,0.111111,0.444444,0.111111,0.888889,0.000000,0.000000,0.444444,0.333333,0.083333,Fair
0.281250,1.000000,0.555556,0.111111,0.222222,0.111111,0.888889,0.125000,0.125000,0.666667,0.166667,0.083333,Weak
0.812500,1.000000,0.769231,0.038462,0.076923,0.115385,0.692308,0.000000,0.000000,0.807692,0.166667,0.083333,Strong
0.312500,1.000000,0.400000,0.100000,0.400000,0.100000,1.000000,0.000000,0.000000,0.500000,0.333333,0.083333,Fair
0.187500,0.105263,0.000000,0.000000,1.000000,0.000000,0.166667,1.000000,0.000000,0.000000,0.500000,0.000000,Weak
0.187500,0.273684,1.000000,0.000000,0.000000,0.000000,0.166667,1.000000,0.000000,1.000000,0.000000,0.000000,Weak
0.343750,1.000000,0.454545,0.090909,0.363636,0.090909,0.909091,0.100000,0.100000,0.545455,0.333333,0.083333,Fair
0.343750,1.000000,0.454545,0.090909,0.363636,0.090909,1.000000,0.000000,0.000000,0.545455,0.333333,0.083333,Fair
0.343750,1.000000,0.636364,0.090909,0.181818,0.090909,0.909091,0.100000,0.000000,0.727273,0.166667,0.083333,Weak
0.375000,1.000000,0.416667,0.166667,0.333333,0.083333,0.916667,0.000000,0.090909,0.583333,0.333333,0.083333,Fair
0.750000,1.000000,0.416667,0.416667,0.083333,0.083333,0.916667,0.000000,0.043478,0.833333,0.166667,0.083333,Strong
0.281250,0.378947,0.777778,0.000000,0.222222,0.000000,0.888889,0.000000,0.125000,0.777778,0.166667,0.000000,Weak
0.343750,1.000000,0.454545,0.090909,0.363636,0.090909,0.818182,0.100000,0.000000,0.545455,0.333333,0.083333,Fair
0.125000,0.105263,0.000000,0.000000,1.000000,0.000000,1.000000,0.000000,1.000000,0.000000,0.333333,0.000000,Weak
0.125000,0.105263,0.000000,0.000000,1.000000,0.000000,0.750000,0.000000,0.666667,0.000000,0.333333,0.000000,Weak
0.343750,1.000000,0.636364,0.090909,0.181818,0.090909,0.909091,0.100000,0.000000,0.727273,0.166667,0.083333,Weak
0.750000,0.894737,0.708333,0.208333,0.000000,0.083333,0.750000,0.000000,0.000000,0.916667,0.000000,0.083333,Strong
0.625000,0.652632,0.400000,0.550000,0.050000,0.000000,0.650000,0.052632,0.105263,0.950000,0.083333,0.000000,Strong
0.281250,1.000000,0.555556,0.111111,0.222222,0.111111,0.888889,0.125000,0.000000,0.666667,0.166667,0.083333,Weak
0.781250,1.000000,0.320000,0.280000,0.280000,0.120000,0.840000,0.000000,0.000000,0.600000,0.083333,0.166667,Strong
0.343750,1.000000,0.454545,0.090909,0.363636,0.090909,0.818182,0.200000,0.000000,0.545455,0.333333,0.083333,Fair
0.500000,0.894737,0.562500,0.375000,0.000000,0.062500,1.000000,0.000000,0.000000,0.937500,0.000000,0.083333,Strong
0.625000,1.000000,0.300000,0.500000,0.150000,0.050000,0.800000,0.000000,0.000000,0.800000,0.166667,0.083333,Strong
0.343750,1.000000,0.454545,0.090909,0.363636,0.090909,0.727273,0.100000,0.000000,0.545455,0.333333,0.083333,Fair
0.750000,1.000000,0.750000,0.041667,0.083333,0.125000,0.666667,0.043478,0.043478,0.791667,0.166667,0.083333,Strong
0.843750,1.000000,0.777778,0.037037,0.074074,0.111111,0.666667,0.038462,0.038462,0.814815,0.166667,0.083333,Strong
0.156250,0.378947,0.800000,0.000000,0.200000,0.000000,1.000000,0.000000,0.750000,0.800000,0.083333,0.000000,Weak
0.875000,1.000000,0.785714,0.035714,0.071429,0.107143,0.535714,0.000000,0.111111,0.821429,0.166667,0.083333,Strong
0.281250,1.000000,0.555556,0.111111,0.222222,0.111111,1.000000,0.000000,0.125000,0.666667,0.166667,0.083333,Weak
0.343750,1.000000,0.454545,0.090909,0.363636,0.090909,0.909091,0.000000,0.000000,0.545455,0.333333,0.083333,Fair
0.343750,1.000000,0.454545,0.090909,0.363636,0.090909,0.818182,0.100000,0.000000,0.545455,0.333333,0.083333,Fair
0.875000,1.000000,0.785714,0.035714,0.071429,0.107143,0.678571,0.000000,0.148148,0.821429,0.166667,0.083333,Strong
0.312500,1.000000,0.400000,0.100000,0.400000,0.100000,0.900000,0.111111,0.000000,0.500000,0.333333,0.083333,Fair
0.312500,1.000000,0.600000,0.100000,0.200000,0.100000,0.900000,0.000000,0.000000,0.700000,0.166667,0.083333,Weak
0.750000,0.652632,0.416667,0.500000,0.083333,0.000000,0.791667,0.043478,0.086957,0.916667,0.083333,0.000000,Strong
0.375000,1.000000,0.416667,0.166667,0.333333,0.083333,0.916667,0.000000,0.090909,0.583333,0.333333,0.083333,Fair
0.937500,1.000000,0.800000,0.033333,0.066667,0.100000,0.600000,0.000000,0.034483,0.833333,0.166667,0.083333,Strong
0.781250,1.000000,0.360000,0.440000,0.120000,0.080000,0.920000,0.000000,0.041667,0.800000,0.083333,0.083333,Strong
0.250000,0.378947,0.750000,0.000000,0.250000,0.000000,1.000000,0.000000,0.285714,0.750000,0.166667,0.000000,Weak
0.125000,0.105263,0.000000,0.000000,1.000000,0.000000,1.000000,0.000000,0.666667,0.000000,0.333333,0.000000,Weak
0.250000,0.378947,0.750000,0.000000,0.250000,0.000000,1.000000,0.000000,0.142857,0.750000,0.166667,0.000000,Weak
0.312500,1.000000,0.300000,0.200000,0.400000,0.100000,1.000000,0.000000,0.111111,0.500000,0.333333,0.083333,Fair
0.750000,1.000000,0.458333,0.291667,0.041667,0.208333,0.833333,0.000000,0.086957,0.750000,0.083333,0.083333,Strong
0.343750,1.000000,0.454545,0.090909,0.363636,0.090909,0.727273,0.200000,0.000000,0.545455,0.333333,0.083333,Fair
0.281250,1.000000,0.555556,0.111111,0.222222,0.111111,0.888889,0.125000,0.125000,0.666667,0.166667,0.083333,Weak
0.281250,1.000000,0.555556,0.111111,0.222222,0.111111,1.000000,0.000000,0.125000,0.666667,0.166667,0.083333,Weak
0.500000,1.000000,0.375000,0.187500,0.250000,0.187500,0.875000,0.000000,0.000000,0.562500,0.083333,0.166667,Strong
0.281250,1.000000,0.333333,0.111111,0.444444,0.111111,0.888889,0.125000,0.125000,0.444444,0.333333,0.083333,Fair
0.312500,1.000000,0.500000,0.100000,0.300000,0.100000,0.800000,0.111111,0.000000,0.600000,0.250000,0.083333,Fair
0.312500,1.000000,0.400000,0.100000,0.400000,0.100000,1.000000,0.000000,0.000000,0.500000,0.333333,0.083333,Fair
0.312500,1.000000,0.400000,0.100000,0.400000,0.100000,1.000000,0.000000,0.111111,0.500000,0.333333,0.083333,Fair
0.562500,1.000000,0.388889,0.388889,0.111111,0.111111,0.944444,0.000000,0.117647,0.777778,0.083333,0.083333,Strong
0.312500,1.000000,0.400000,0.100000,0.400000,0.100000,0.900000,0.000000,0.000000,0.500000,0.333333,0.083333,Fair
0.625000,1.000000,0.450000,0.200000,0.200000,0.150000,0.900000,0.000000,0.105263,0.650000,0.166667,0.166667,Strong
0.406250,1.000000,0.461538,0.153846,0.307692,0.076923,0.923077,0.000000,0.166667,0.615385,0.333333,0.083333,Fair
0.812500,1.000000,0.769231,0.038462,0.076923,0.115385,0.692308,0.040000,0.040000,0.807692,0.166667,0.083333,Strong
0.343750,1.000000,0.363636,0.181818,0.363636,0.090909,0.909091,0.100000,0.000000,0.545455,0.333333,0.083333,Fair
0.375000,1.000000,0.500000,0.083333,0.333333,0.083333,1.000000,0.000000,0.090909,0.583333,0.333333,0.083333,Fair
0.750000,1.000000,0.458333,0.416667,0.083333,0.041667,0.916667,0.000000,0.086957,0.875000,0.083333,0.083333,Strong
0.343750,1.000000,0.454545,0.090909,0.363636,0.090909,1.000000,0.000000,0.000000,0.545455,0.333333,0.083333,Fair
0.156250,0.378947,0.800000,0.000000,0.200000,0.000000,1.000000,0.000000,0.750000,0.800000,0.083333,0.000000,Weak
0.250000,0.378947,0.750000,0.000000,0.250000,0.000000,0.875000,0.142857,0.000000,0.750000,0.166667,0.000000,Weak
0.343750,1.000000,0.363636,0.181818,0.363636,0.090909,0.909091,0.000000,0.200000,0.545455,0.333333,0.083333,Fair
0.781250,1.000000,0.760000,0.040000,0.080000,0.120000,0.680000,0.000000,0.125000,0.800000,0.166667,0.083333,Strong
0.781250,1.000000,0.760000,0.040000,0.080000,0.120000,0.680000,0.000000,0.125000,0.800000,0.166667,0.083333,Strong
0.843750,1.000000,0.777778,0.037037,0.074074,0.111111,0.555556,0.038462,0.000000,0.814815,0.166667,0.083333,Strong
0.343750,1.000000,0.454545,0.090909,0.363636,0.090909,0.818182,0.100000,0.000000,0.545455,0.333333,0.083333,Fair
0.687500,1.000000,0.454545,0.409091,0.045455,0.090909,0.909091,0.047619,0.047619,0.863636,0.083333,0.083333,Strong
0.156250,0.105263,0.000000,0.000000,1.000000,0.000000,0.200000,1.000000,0.000000,0.000000,0.416667,0.000000,Weak
0.812500,1.000000,0.769231,0.038462,0.076923,0.115385,0.653846,0.000000,0.120000,0.807692,0.166667,0.083333,Strong
0.312500,1.000000,0.400000,0.100000,0.400000,0.100000,0.900000,0.000000,0.000000,0.500000,0.333333,0.083333,Fair
0.812500,1.000000,0.769231,0.038462,0.076923,0.115385,0.615385,0.080000,0.040000,0.807692,0.166667,0.083333,Strong
0.312500,1.000000,0.400000,0.100000,0.400000,0.100000,0.900000,0.111111,0.000000,0.500000,0.333333,0.083333,Fair
0.375000,1.000000,0.500000,0.083333,0.333333,0.083333,0.916667,0.000000,0.000000,0.583333,0.333333,0.083333,Fair
0.343750,1.000000,0.636364,0.090909,0.181818,0.090909,0.818182,0.200000,0.000000,0.727273,0.166667,0.083333,Weak
0.156250,0.105263,0.000000,0.000000,1.000000,0.000000,1.000000,0.000000,0.750000,0.000000,0.416667,0.000000,Weak
0.125000,0.273684,1.000000,0.000000,0.000000,0.000000,0.250000,1.000000,0.000000,1.000000,0.000000,0.000000,Weak
0.781250,1.000000,0.760000,0.040000,0.080000,0.120000,0.680000,0.000000,0.000000,0.800000,0.166667,0.083333,Strong
0.781250,1.000000,0.400000,0.360000,0.200000,0.040000,0.880000,0.000000,0.000000,0.760000,0.083333,0.083333,Strong
0.562500,1.000000,0.277778,0.500000,0.055556,0.166667,0.833333,0.000000,0.058824,0.777778,0.083333,0.083333,Strong
0.937500,1.000000,0.800000,0.033333,0.066667,0.100000,0.533333,0.034483,0.103448,0.833333,0.166667,0.083333,Strong
0.312500,1.000000,0.400000,0.100000,0.400000,0.100000,0.900000,0.000000,0.222222,0.500000,0.333333,0.083333,Fair
0.125000,0.105263,0.000000,0.000000,1.000000,0.000000,0.250000,1.000000,0.000000,0.000000,0.333333,0.000000,Weak
0.343750,1.000000,0.636364,0.090909,0.181818,0.090909,0.909091,0.100000,0.000000,0.727273,0.166667,0.083333,Weak
0.812500,1.000000,0.769231,0.038462,0.076923,0.115385,0.692308,0.000000,0.000000,0.807692,0.166667,0.083333,Strong
0.406250,1.000000,0.461538,0.153846,0.307692,0.076923,0.923077,0.000000,0.250000,0.615385,0.333333,0.083333,Fair
0.281250,1.000000,0.444444,0.111111,0.333333,0.111111,1.000000,0.000000,0.250000,0.555556,0.250000,0.083333,Fair
0.156250,0.378947,0.800000,0.000000,0.200000,0.000000,1.000000,0.000000,0.750000,0.800000,0.083333,0.000000,Weak
0.281250,1.000000,0.555556,0.111111,0.222222,0.111111,1.000000,0.000000,0.125000,0.666667,0.166667,0.083333,Weak
0.312500,1.000000,0.400000,0.100000,0.400000,0.100000,1.000000,0.000000,0.000000,0.500000,0.333333,0.083333,Fair
0.250000,0.105263,0.000000,0.000000,1.000000,0.000000,0.125000,1.000000,0.000000,0.000000,0.666667,0.000000,Weak
0.125000,0.105263,0.000000,0.000000,1.000000,0.000000,0.750000,0.333333,0.666667,0.000000,0.333333,0.000000,Weak
0.531250,1.000000,0.411765,0.411765,0.117647,0.058824,0.941176,0.000000,0.000000,0.823529,0.083333,0.083333,Strong
0.343750,1.000000,0.454545,0.090909,0.363636,0.090909,0.909091,0.000000,0.200000,0.545455,0.333333,0.083333,Fair
0.406250,1.000000,0.461538,0.153846,0.307692,0.076923,0.923077,0.000000,0.000000,0.615385,0.333333,0.083333,Fair
0.281250,1.000000,0.555556,0.111111,0.222222,0.111111,1.000000,0.000000,0.250000,0.666667,0.166667,0.083333,Weak
0.281250,1.000000,0.444444,0.222222,0.222222,0.111111,1.000000,0.000000,0.000000,0.666667,0.166667,0.083333,Fair
0.343750,1.000000,0.454545,0.090909,0.363636,0.090909,0.727273,0.300000,0.000000,0.545455,0.333333,0.083333,Fair
0.218750,0.378947,0.857143,0.000000,0.142857,0.000000,1.000000,0.000000,0.000000,0.857143,0.083333,0.000000,Weak
0.812500,1.000000,0.538462,0.269231,0.038462,0.153846,0.884615,0.040000,0.040000,0.807692,0.083333,0.166667,Strong
0.375000,1.000000,0.500000,0.083333,0.333333,0.083333,0.916667,0.000000,0.000000,0.583333,0.333333,0.083333,Fair
0.375000,1.000000,0.416667,0.166667,0.333333,0.083333,1.000000,0.000000,0.090909,0.583333,0.333333,0.083333,Fair
0.875000,1.000000,0.785714,0.035714,0.071429,0.107143,0.571429,0.000000,0.111111,0.821429,0.166667,0.083333,Strong
0.500000,0.894737,0.187500,0.500000,0.000000,0.312500,0.937500,0.000000,0.066667,0.687500,0.000000,0.166667,Strong
0.312500,1.000000,0.500000,0.100000,0.300000,0.100000,1.000000,0.000000,0.111111,0.600000,0.250000,0.083333,Fair
0.343750,1.000000,0.363636,0.181818,0.363636,0.090909,0.909091,0.000000,0.200000,0.545455,0.333333,0.083333,Fair
0.500000,1.000000,0.500000,0.312500,0.125000,0.062500,0.937500,0.066667,0.133333,0.812500,0.166667,0.083333,Strong
0.718750,1.000000,0.391304,0.347826,0.086957,0.173913,0.956522,0.045455,0.045455,0.739130,0.166667,0.083333,Strong
0.156250,0.378947,0.800000,0.000000,0.200000,0.000000,1.000000,0.000000,0.750000,0.800000,0.083333,0.000000,Weak
0.906250,1.000000,0.793103,0.034483,0.068966,0.103448,0.620690,0.035714,0.000000,0.827586,0.166667,0.083333,Strong
0.312500,1.000000,0.400000,0.100000,0.400000,0.100000,0.900000,0.111111,0.000000,0.500000,0.333333,0.083333,Fair
0.625000,1.000000,0.400000,0.350000,0.150000,0.100000,0.900000,0.000000,0.052632,0.750000,0.166667,0.083333,Strong
0.875000,1.000000,0.785714,0.035714,0.071429,0.107143,0.571429,0.000000,0.037037,0.821429,0.166667,0.083333,Strong
0.218750,0.105263,0.000000,0.000000,1.000000,0.000000,0.142857,1.000000,0.000000,0.000000,0.583333,0.000000,Weak
0.812500,1.000000,0.423077,0.384615,0.153846,0.038462,0.884615,0.000000,0.040000,0.807692,0.166667,0.083333,Strong
0.281250,1.000000,0.555556,0.111111,0.222222,0.111111,1.000000,0.000000,0.125000,0.666667,0.166667,0.083333,Weak
0.343750,1.000000,0.454545,0.090909,0.363636,0.090909,0.909091,0.000000,0.100000,0.545455,0.333333,0.083333,Fair
0.312500,1.000000,0.600000,0.100000,0.200000,0.100000,0.900000,0.000000,0.000000,0.700000,0.166667,0.083333,Weak
0.343750,1.000000,0.454545,0.090909,0.363636,0.090909,0.909091,0.100000,0.100000,0.545455,0.333333,0.083333,Fair
0.343750,1.000000,0.636364,0.090909,0.181818,0.090909,0.909091,0.100000,0.100000,0.727273,0.166667,0.083333,Weak
0.312500,1.000000,0.600000,0.100000,0.200000,0.100000,0.900000,0.000000,0.000000,0.700000,0.166667,0.083333,Weak
0.343750,1.000000,0.454545,0.090909,0.363636,0.090909,1.000000,0.000000,0.100000,0.545455,0.333333,0.083333,Fair
0.343750,1.000000,0.454545,0.090909,0.363636,0.090909,1.000000,0.000000,0.000000,0.545455,0.333333,0.083333,Fair
0.312500,1.000000,0.400000,0.100000,0.400000,0.100000,0.900000,0.000000,0.111111,0.500000,0.333333,0.083333,Fair
0.343750,1.000000,0.454545,0.181818,0.272727,0.090909,1.000000,0.000000,0.000000,0.636364,0.250000,0.083333,Fair
0.250000,0.378947,0.750000,0.000000,0.250000,0.000000,0.875000,0.142857,0.000000,0.750000,0.166667,0.000000,Weak
0.281250,0.378947,0.777778,0.000000,0.222222,0.000000,0.888889,0.000000,0.125000,0.777778,0.166667,0.000000,Weak
0.343750,1.000000,0.545455,0.090909,0.272727,0.090909,0.909091,0.000000,0.000000,0.636364,0.250000,0.083333,Fair
0.218750,0.273684,1.000000,0.000000,0.000000,0.000000,0.142857,1.000000,0.000000,1.000000,0.000000,0.000000,Weak
0.343750,1.000000,0.454545,0.090909,0.363636,0.090909,1.000000,0.000000,0.100000,0.545455,0.333333,0.083333,Fair
0.343750,1.000000,0.454545,0.181818,0.272727,0.090909,0.818182,0.100000,0.000000,0.636364,0.250000,0.083333,Fair
0.125000,0.105263,0.000000,0.000000,1.000000,0.000000,0.250000,1.000000,0.000000,0.000000,0.333333,0.000000,Weak
0.281250,1.000000,0.555556,0.111111,0.222222,0.111111,0.888889,0.125000,0.125000,0.666667,0.166667,0.083333,Weak
0.218750,0.273684,1.000000,0.000000,0.000000,0.000000,0.142857,1.000000,0.000000,1.000000,0.000000,0.000000,Weak
0.531250,1.000000,0.294118,0.411765,0.176471,0.117647,0.823529,0.062500,0.062500,0.705882,0.166667,0.083333,Strong
0.125000,0.105263,0.000000,0.000000,1.000000,0.000000,0.250000,1.000000,0.000000,0.000000,0.333333,0.000000,Weak
0.312500,1.000000,0.300000,0.200000,0.400000,0.100000,1.000000,0.000000,0.111111,0.500000,0.333333,0.083333,Fair
0.875000,1.000000,0.785714,0.035714,0.071429,0.107143,0.607143,0.000000,0.074074,0.821429,0.166667,0.083333,Strong
0.250000,0.105263,0.000000,0.000000,1.000000,0.000000,0.125000,1.000000,0.000000,0.000000,0.666667,0.000000,Weak
0.312500,1.000000,0.400000,0.100000,0.400000,0.100000,1.000000,0.000000,0.000000,0.500000,0.333333,0.083333,Fair
0.281250,0.273684,1.000000,0.000000,0.000000,0.000000,0.111111,1.000000,0.000000,1.000000,0.000000,0.000000,Weak
0.250000,0.378947,0.750000,0.000000,0.250000,0.000000,0.875000,0.142857,0.000000,0.750000,0.166667,0.000000,Weak
0.343750,1.000000,0.454545,0.090909,0.363636,0.090909,0.909091,0.000000,0.100000,0.545455,0.333333,0.083333,Fair
0.312500,1.000000,0.400000,0.200000,0.300000,0.100000,1.000000,0.000000,0.111111,0.600000,0.250000,0.083333,Fair
0.281250,0.378947,0.777778,0.000000,0.222222,0.000000,0.888889,0.000000,0.000000,0.777778,0.166667,0.000000,Weak
0.281250,1.000000,0.555556,0.111111,0.222222,0.111111,1.000000,0.000000,0.125000,0.666667,0.166667,0.083333,Weak
0.156250,0.378947,0.800000,0.000000,0.200000,0.000000,1.000000,0.000000,0.750000,0.800000,0.083333,0.000000,Weak
0.250000,0.378947,0.750000,0.000000,0.250000,0.000000,1.000000,0.000000,0.142857,0.750000,0.166667,0.000000,Weak
0.343750,1.000000,0.363636,0.181818,0.363636,0.090909,1.000000,0.000000,0.000000,0.545455,0.333333,0.083333,Fair
0.156250,0.378947,0.800000,0.000000,0.200000,0.000000,1.000000,0.000000,0.750000,0.800000,0.083333,0.000000,Weak
0.781250,1.000000,0.400000,0.240000,0.160000,0.200000,0.800000,0.041667,0.083333,0.640000,0.166667,0.166667,Strong
0.625000,1.000000,0.500000,0.300000,0.150000,0.050000,0.900000,0.052632,0.052632,0.800000,0.083333,0.083333,Strong
0.343750,1.000000,0.454545,0.090909,0.363636,0.090909,0.818182,0.100000,0.100000,0.545455,0.333333,0.083333,Fair
0.625000,1.000000,0.400000,0.400000,0.150000,0.050000,0.900000,0.000000,0.105263,0.800000,0.083333,0.083333,Strong
0.375000,1.000000,0.416667,0.166667,0.333333,0.083333,0.833333,0.090909,0.090909,0.583333,0.333333,0.083333,Fair
0.250000,0.378947,0.750000,0.000000,0.250000,0.000000,1.000000,0.000000,0.000000,0.750000,0.166667,0.000000,Weak
0.343750,1.000000,0.545455,0.090909,0.272727,0.090909,0.818182,0.000000,0.000000,0.636364,0.250000,0.083333,Fair
0.375000,1.000000,0.416667,0.166667,0.333333,0.083333,0.833333,0.090909,0.000000,0.583333,0.333333,0.083333,Fair
0.125000,0.273684,1.000000,0.000000,0.000000,0.000000,0.250000,1.000000,0.000000,1.000000,0.000000,0.000000,Weak
0.656250,1.000000,0.380952,0.428571,0.142857,0.047619,0.857143,0.000000,0.050000,0.809524,0.083333,0.083333,Strong
0.906250,1.000000,0.793103,0.034483,0.068966,0.103448,0.551724,0.035714,0.000000,0.827586,0.166667,0.083333,Strong
0.375000,1.000000,0.500000,0.083333,0.333333,0.083333,0.916667,0.000000,0.181818,0.583333,0.333333,0.083333,Fair
0.312500,1.000000,0.600000,0.100000,0.200000,0.100000,0.900000,0.000000,0.000000,0.700000,0.166667,0.083333,Weak
0.312500,1.000000,0.400000,0.100000,0.400000,0.100000,1.000000,0.000000,0.000000,0.500000,0.333333,0.083333,Fair
0.250000,0.378947,0.750000,0.000000,0.250000,0.000000,1.000000,0.000000,0.142857,0.750000,0.166667,0.000000,Weak
0.312500,0.105263,0.000000,0.000000,1.000000,0.000000,0.100000,1.000000,0.000000,0.000000,0.833333,0.000000,Weak
0.343750,1.000000,0.454545,0.090909,0.363636,0.090909,0.909091,0.100000,0.000000,0.545455,0.333333,0.083333,Fair
0.625000,1.000000,0.450000,0.150000,0.250000,0.150000,0.800000,0.000000,0.000000,0.600000,0.083333,0.083333,Strong
0.187500,0.105263,0.000000,0.000000,1.000000,0.000000,0.166667,1.000000,0.000000,0.000000,0.500000,0.000000,Weak
0.843750,1.000000,0.777778,0.037037,0.074074,0.111111,0.555556,0.038462,0.000000,0.814815,0.166667,0.083333,Strong
0.312500,1.000000,0.400000,0.100000,0.400000,0.100000,1.000000,0.000000,0.000000,0.500000,0.333333,0.083333,Fair
0.406250,1.000000,0.461538,0.153846,0.307692,0.076923,0.923077,0.000000,0.083333,0.615385,0.333333,0.083333,Fair
0.718750,1.000000,0.391304,0.478261,0.086957,0.043478,0.869565,0.000000,0.000000,0.869565,0.083333,0.083333,Strong
0.125000,0.273684,1.000000,0.000000,0.000000,0.000000,0.250000,1.000000,0.000000,1.000000,0.000000,0.000000,Weak
0.218750,0.378947,0.857143,0.000000,0.142857,0.000000,1.000000,0.000000,0.000000,0.857143,0.083333,0.000000,Weak
0.312500,0.378947,0.800000,0.000000,0.200000,0.000000,0.900000,0.111111,0.111111,0.800000,0.166667,0.000000,Weak
0.250000,0.378947,0.750000,0.000000,0.250000,0.000000,0.875000,0.142857,0.000000,0.750000,0.166667,0.000000,Weak
0.781250,1.000000,0.480000,0.440000,0.040000,0.040000,0.800000,0.000000,0.125000,0.920000,0.083333,0.083333,Strong
0.906250,1.000000,0.793103,0.034483,0.068966,0.103448,0.517241,0.035714,0.000000,0.827586,0.166667,0.083333,Strong
0.593750,1.000000,0.578947,0.315789,0.052632,0.052632,0.894737,0.000000,0.166667,0.894737,0.083333,0.083333,Strong
0.375000,1.000000,0.500000,0.083333,0.333333,0.083333,0.916667,0.000000,0.181818,0.583333,0.333333,0.083333,Fair
0.250000,0.378947,0.750000,0.000000,0.250000,0.000000,1.000000,0.000000,0.142857,0.750000,0.166667,0.000000,Weak
0.375000,1.000000,0.416667,0.166667,0.333333,0.083333,1.000000,0.000000,0.090909,0.583333,0.333333,0.083333,Fair
0.750000,1.000000,0.333333,0.375000,0.208333,0.083333,0.875000,0.000000,0.043478,0.708333,0.083333,0.166667,Strong
0.843750,1.000000,0.777778,0.037037,0.074074,0.111111,0.518519,0.000000,0.038462,0.814815,0.166667,0.083333,Strong
0.343750,1.000000,0.636364,0.090909,0.181818,0.090909,0.909091,0.100000,0.000000,0.727273,0.166667,0.083333,Weak
0.218750,0.378947,0.857143,0.000000,0.142857,0.000000,1.000000,0.000000,0.166667,0.857143,0.083333,0.000000,Weak
0.343750,1.000000,0.454545,0.090909,0.363636,0.090909,0.909091,0.100000,0.100000,0.545455,0.333333,0.083333,Fair
0.312500,1.000000,0.300000,0.200000,0.400000,0.100000,1.000000,0.000000,0.000000,0.500000,0.333333,0.083333,Fair
0.218750,0.105263,0.000000,0.000000,1.000000,0.000000,0.142857,1.000000,0.000000,0.000000,0.583333,0.000000,Weak
0.531250,1.000000,0.352941,0.411765,0.117647,0.117647,0.882353,0.000000,0.125000,0.764706,0.166667,0.166667,Strong
0.531250,1.000000,0.352941,0.470588,0.117647,0.058824,0.823529,0.062500,0.125000,0.823529,0.083333,0.083333,Strong
0.281250,0.378947,0.777778,0.000000,0.222222,0.000000,0.888889,0.000000,0.000000,0.777778,0.166667,0.000000,Weak
0.781250,1.000000,0.760000,0.040000,0.080000,0.120000,0.760000,0.000000,0.000000,0.800000,0.166667,0.083333,Strong
0.875000,1.000000,0.785714,0.035714,0.071429,0.107143,0.607143,0.000000,0.148148,0.821429,0.166667,0.083333,Strong
0.656250,1.000000,0.333333,0.476190,0.095238,0.095238,0.904762,0.000000,0.000000,0.809524,0.083333,0.083333,Strong
0.312500,1.000000,0.600000,0.100000,0.200000,0.100000,0.900000,0.000000,0.111111,0.700000,0.166667,0.083333,Weak
0.375000,1.000000,0.416667,0.166667,0.333333,0.083333,1.000000,0.000000,0.181818,0.583333,0.333333,0.083333,Fair
0.781250,1.000000,0.360000,0.320000,0.080000,0.240000,0.880000,0.000000,0.041667,0.680000,0.083333,0.166667,Strong
0.281250,1.000000,0.555556,0.111111,0.222222,0.111111,1.000000,0.000000,0.000000,0.666667,0.166667,0.083333,Weak
0.250000,0.378947,0.750000,0.000000,0.250000,0.000000,0.875000,0.142857,0.142857,0.750000,0.166667,0.000000,Weak
0.343750,1.000000,0.454545,0.090909,0.363636,0.090909,0.909091,0.100000,0.000000,0.545455,0.333333,0.083333,Fair
0.875000,1.000000,0.785714,0.035714,0.071429,0.107143,0.571429,0.000000,0.074074,0.821429,0.166667,0.083333,Strong
0.343750,1.000000,0.545455,0.090909,0.272727,0.090909,0.909091,0.000000,0.200000,0.636364,0.250000,0.083333,Fair
0.312500,1.000000,0.400000,0.100000,0.400000,0.100000,0.900000,0.111111,0.111111,0.500000,0.333333,0.083333,Fair
0.343750,1.000000,0.454545,0.090909,0.363636,0.090909,1.000000,0.000000,0.100000,0.545455,0.333333,0.083333,Fair
0.343750,1.000000,0.363636,0.181818,0.363636,0.090909,1.000000,0.000000,0.100000,0.545455,0.333333,0.083333,Fair
0.812500,1.000000,0.269231,0.384615,0.153846,0.192308,1.000000,0.000000,0.000000,0.653846,0.083333,0.083333,Strong
0.343750,1.000000,0.454545,0.090909,0.363636,0.090909,0.818182,0.100000,0.000000,0.545455,0.333333,0.083333,Fair
0.156250,0.105263,0.000000,0.000000,1.000000,0.000000,1.000000,0.000000,0.750000,0.000000,0.416667,0.000000,Weak
0.843750,1.000000,0.777778,0.037037,0.074074,0.111111,0.518519,0.076923,0.000000,0.814815,0.166667,0.083333,Strong
0.750000,1.000000,0.541667,0.250000,0.125000,0.083333,0.916667,0.000000,0.000000,0.791667,0.083333,0.083333,Strong
0.312500,0.378947,0.800000,0.000000,0.200000,0.000000,0.900000,0.111111,0.000000,0.800000,0.166667,0.000000,Weak
0.281250,1.000000,0.555556,0.111111,0.222222,0.111111,1.000000,0.000000,0.000000,0.666667,0.166667,0.083333,Weak
0.218750,0.378947,0.857143,0.000000,0.142857,0.000000,1.000000,0.000000,0.000000,0.857143,0.083333,0.000000,Weak
0.156250,0.378947,0.800000,0.000000,0.200000,0.000000,1.000000,0.000000,0.750000,0.800000,0.083333,0.000000,Weak
0.375000,1.000000,0.500000,0.083333,0.333333,0.083333,0.833333,0.090909,0.181818,0.583333,0.333333,0.083333,Fair
0.281250,1.000000,0.555556,0.111111,0.222222,0.111111,1.000000,0.000000,0.000000,0.666667,0.166667,0.083333,Weak
0.343750,1.000000,0.454545,0.090909,0.363636,0.090909,0.636364,0.100000,0.000000,0.545455,0.333333,0.083333,Fair
0.312500,0.273684,1.000000,0.000000,0.000000,0.000000,0.100000,1.000000,0.000000,1.000000,0.000000,0.000000,Weak
0.218750,0.378947,0.857143,0.000000,0.142857,0.000000,1.000000,0.000000,0.000000,0.857143,0.083333,0.000000,Weak
0.375000,1.000000,0.500000,0.083333,0.333333,0.083333,0.916667,0.000000,0.090909,0.583333,0.333333,0.083333,Fair
0.343750,1.000000,0.454545,0.090909,0.363636,0.090909,0.818182,0.100000,0.200000,0.545455,0.333333,0.083333,Fair
0.156250,0.378947,0.800000,0.000000,0.200000,0.000000,1.000000,0.000000,0.750000,0.800000,0.083333,0.000000,Weak
0.718750,1.000000,0.434783,0.260870,0.130435,0.173913,1.000000,0.000000,0.000000,0.695652,0.083333,0.083333,Strong
0.375000,1.000000,0.416667,0.166667,0.333333,0.083333,1.000000,0.000000,0.000000,0.583333,0.333333,0.083333,Fair
0.250000,0.378947,0.750000,0.000000,0.250000,0.000000,1.000000,0.000000,0.285714,0.750000,0.166667,0.000000,Weak
0.312500,1.000000,0.600000,0.100000,0.200000,0.100000,0.900000,0.000000,0.111111,0.700000,0.166667,0.083333,Weak
0.406250,1.000000,0.461538,0.153846,0.307692,0.076923,0.923077,0.000000,0.083333,0.615385,0.333333,0.083333,Fair
0.562500,1.000000,0.500000,0.166667,0.055556,0.277778,0.777778,0.000000,0.058824,0.666667,0.083333,0.166667,Strong
0.718750,1.000000,0.391304,0.391304,0.086957,0.130435,0.869565,0.000000,0.000000,0.782609,0.083333,0.083333,Strong
0.218750,0.378947,0.857143,0.000000,0.142857,0.000000,1.000000,0.000000,0.000000,0.857143,0.083333,0.000000,Weak
0.906250,1.000000,0.793103,0.034483,0.068966,0.103448,0.586207,0.071429,0.000000,0.827586,0.166667,0.083333,Strong
0.343750,1.000000,0.454545,0.090909,0.363636,0.090909,0.909091,0.100000,0.000000,0.545455,0.333333,0.083333,Fair
0.281250,1.000000,0.555556,0.111111,0.222222,0.111111,0.888889,0.125000,0.000000,0.666667,0.166667,0.083333,Fair
0.125000,0.273684,1.000000,0.000000,0.000000,0.000000,0.250000,1.000000,0.000000,1.000000,0.000000,0.000000,Weak
0.281250,0.105263,0.000000,0.000000,1.000000,0.000000,0.111111,1.000000,0.000000,0.000000,0.750000,0.000000,Weak
0.281250,1.000000,0.555556,0.111111,0.222222,0.111111,1.000000,0.000000,0.000000,0.666667,0.166667,0.083333,Weak
0.875000,1.000000,0.785714,0.035714,0.071429,0.107143,0.535714,0.000000,0.074074,0.821429,0.166667,0.083333,Strong
0.375000,1.000000,0.500000,0.083333,0.333333,0.083333,0.833333,0.090909,0.090909,0.583333,0.333333,0.083333,Fair
0.312500,1.000000,0.400000,0.100000,0.400000,0.100000,1.000000,0.000000,0.000000,0.500000,0.333333,0.083333,Fair
0.625000,1.000000,0.300000,0.500000,0.150000,0.050000,0.900000,0.000000,0.105263,0.800000,0.166667,0.083333,Strong
0.812500,0.652632,0.653846,0.192308,0.153846,0.000000,0.730769,0.080000,0.000000,0.846154,0.166667,0.000000,Strong
0.218750,0.105263,0.000000,0.000000,1.000000,0.000000,0.142857,1.000000,0.000000,0.000000,0.583333,0.000000,Weak
0.281250,1.000000,0.333333,0.111111,0.444444,0.111111,0.888889,0.125000,0.000000,0.444444,0.333333,0.083333,Fair
0.531250,1.000000,0.294118,0.470588,0.117647,0.117647,0.941176,0.000000,0.000000,0.764706,0.166667,0.166667,Strong
0.812500,1.000000,0.769231,0.038462,0.076923,0.115385,0.615385,0.000000,0.000000,0.807692,0.166667,0.083333,Strong
0.281250,0.378947,0.777778,0.000000,0.222222,0.000000,0.888889,0.000000,0.000000,0.777778,0.166667,0.000000,Weak
0.312500,1.000000,0.400000,0.100000,0.400000,0.100000,0.900000,0.000000,0.000000,0.500000,0.333333,0.083333,Fair
0.593750,1.000000,0.315789,0.473684,0.105263,0.105263,0.842105,0.000000,0.055556,0.789474,0.083333,0.083333,Strong
0.312500,1.000000,0.500000,0.100000,0.300000,0.100000,1.000000,0.000000,0.000000,0.600000,0.250000,0.083333,Fair
0.875000,1.000000,0.785714,0.035714,0.071429,0.107143,0.642857,0.037037,0.000000,0.821429,0.166667,0.083333,Strong
0.281250,1.000000,0.555556,0.111111,0.222222,0.111111,1.000000,0.000000,0.000000,0.666667,0.166667,0.083333,Weak
0.312500,1.000000,0.500000,0.100000,0.300000,0.100000,1.000000,0.000000,0.000000,0.600000,0.250000,0.083333,Fair
0.281250,1.000000,0.555556,0.111111,0.222222,0.111111,1.000000,0.000000,0.125000,0.666667,0.166667,0.083333,Weak
0.875000,1.000000,0.785714,0.035714,0.071429,0.107143,0.571429,0.037037,0.074074,0.821429,0.166667,0.083333,Strong
0.406250,1.000000,0.461538,0.153846,0.307692,0.076923,1.000000,0.000000,0.083333,0.615385,0.333333,0.083333,Fair
0.343750,1.000000,0.454545,0.090909,0.363636,0.090909,0.909091,0.000000,0.000000,0.545455,0.333333,0.083333,Fair
0.750000,0.894737,0.500000,0.375000,0.000000,0.125000,0.833333,0.000000,0.043478,0.875000,0.000000,0.083333,Strong
0.281250,1.000000,0.555556,0.111111,0.222222,0.111111,0.888889,0.125000,0.000000,0.666667,0.166667,0.083333,Weak
0.281250,0.273684,1.000000,0.000000,0.000000,0.000000,0.111111,1.000000,0.000000,1.000000,0.000000,0.000000,Weak
0.312500,1.000000,0.400000,0.100000,0.400000,0.100000,1.000000,0.000000,0.000000,0.500000,0.333333,0.083333,Fair
0.125000,0.105263,0.000000,0.000000,1.000000,0.000000,1.000000,0.000000,1.000000,0.000000,0.333333,0.000000,Weak
0.343750,1.000000,0.454545,0.090909,0.363636,0.090909,1.000000,0.000000,0.100000,0.545455,0.333333,0.083333,Fair
0.281250,1.000000,0.555556,0.111111,0.222222,0.111111,1.000000,0.000000,0.125000,0.666667,0.166667,0.083333,Weak
0.375000,1.000000,0.500000,0.083333,0.333333,0.083333,0.833333,0.090909,0.000000,0.583333,0.333333,0.083333,Fair
0.843750,1.000000,0.777778,0.037037,0.074074,0.111111,0.629630,0.038462,0.000000,0.814815,0.166667,0.083333,Strong
0.875000,1.000000,0.785714,0.035714,0.071429,0.107143,0.642857,0.000000,0.074074,0.821429,0.166667,0.083333,Strong
0.281250,1.000000,0.555556,0.111111,0.222222,0.111111,0.888889,0.125000,0.125000,0.666667,0.166667,0.083333,Weak
0.312500,1.000000,0.600000,0.100000,0.200000,0.100000,0.900000,0.000000,0.000000,0.700000,0.166667,0.083333,Weak
0.281250,1.000000,0.555556,0.111111,0.222222,0.111111,1.000000,0.000000,0.250000,0.666667,0.166667,0.083333,Weak
0.937500,1.000000,0.800000,0.033333,0.066667,0.100000,0.600000,0.000000,0.103448,0.833333,0.166667,0.083333,Strong
0.906250,1.000000,0.793103,0.034483,0.068966,0.103448,0.586207,0.000000,0.000000,0.827586,0.166667,0.083333,Strong
0.375000,1.000000,0.416667,0.166667,0.333333,0.083333,0.916667,0.000000,0.000000,0.583333,0.333333,0.083333,Fair
0.312500,1.000000,0.600000,0.100000,0.200000,0.100000,0.800000,0.111111,0.000000,0.700000,0.166667,0.083333,Weak
0.375000,1.000000,0.416667,0.166667,0.333333,0.083333,0.750000,0.090909,0.000000,0.583333,0.333333,0.083333,Fair
0.343750,1.000000,0.363636,0.181818,0.363636,0.090909,0.909091,0.000000,0.000000,0.545455,0.333333,0.083333,Fair
0.125000,0.105263,0.000000,0.000000,1.000000,0.000000,1.000000,0.000000,0.666667,0.000000,0.333333,0.000000,Weak
0.281250,0.273684,1.000000,0.000000,0.000000,0.000000,0.111111,1.000000,0.000000,1.000000,0.000000,0.000000,Weak
0.687500,0.894737,0.227273,0.545455,0.000000,0.227273,0.772727,0.047619,0.000000,0.772727,0.000000,0.166667,Strong
0.781250,1.000000,0.440000,0.320000,0.120000,0.120000,0.800000,0.083333,0.000000,0.760000,0.083333,0.166667,Strong
0.156250,0.105263,0.000000,0.000000,1.000000,0.000000,1.000000,0.000000,1.000000,0.000000,0.416667,0.000000,Weak
0.375000,1.000000,0.416667,0.166667,0.333333,0.083333,1.000000,0.000000,0.090909,0.583333,0.333333,0.083333,Fair
0.312500,1.000000,0.400000,0.100000,0.400000,0.100000,1.000000,0.000000,0.111111,0.500000,0.333333,0.083333,Fair
0.125000,0.105263,0.000000,0.000000,1.000000,0.000000,0.750000,0.000000,1.000000,0.000000,0.333333,0.000000,Weak
0.593750,1.000000,0.473684,0.105263,0.210526,0.210526,0.736842,0.055556,0.000000,0.578947,0.166667,0.083333,Strong
0.312500,1.000000,0.400000,0.100000,0.400000,0.100000,0.900000,0.111111,0.000000,0.500000,0.333333,0.083333,Fair
0.312500,1.000000,0.400000,0.100000,0.400000,0.100000,1.000000,0.000000,0.111111,0.500000,0.333333,0.083333,Fair
0.281250,1.000000,0.333333,0.222222,0.333333,0.111111,0.888889,0.125000,0.000000,0.555556,0.250000,0.083333,Fair
0.750000,1.000000,0.333333,0.375000,0.166667,0.125000,0.666667,0.043478,0.086957,0.708333,0.166667,0.083333,Strong
0.843750,1.000000,0.777778,0.037037,0.074074,0.111111,0.518519,0.038462,0.115385,0.814815,0.166667,0.083333,Strong
0.343750,1.000000,0.454545,0.090909,0.363636,0.090909,0.818182,0.000000,0.000000,0.545455,0.333333,0.083333,Fair
0.562500,1.000000,0.388889,0.333333,0.222222,0.055556,0.888889,0.000000,0.058824,0.722222,0.083333,0.083333,Strong
0.250000,0.378947,0.750000,0.000000,0.250000,0.000000,1.000000,0.000000,0.000000,0.750000,0.166667,0.000000,Weak
0.281250,1.000000,0.555556,0.111111,0.222222,0.111111,1.000000,0.000000,0.125000,0.666667,0.166667,0.083333,Weak
0.343750,1.000000,0.454545,0.090909,0.363636,0.090909,1.000000,0.000000,0.100000,0.545455,0.333333,0.083333,Fair
0.875000,1.000000,0.785714,0.035714,0.071429,0.107143,0.535714,0.074074,0.000000,0.821429,0.166667,0.083333,Strong
0.312500,1.000000,0.400000,0.100000,0.400000,0.100000,1.000000,0.000000,0.000000,0.500000,0.333333,0.083333,Fair
0.812500,0.652632,0.384615,0.500000,0.115385,0.000000,0.846154,0.000000,0.040000,0.884615,0.166667,0.000000,Strong
0.343750,1.000000,0.363636,0.181818,0.363636,0.090909,1.000000,0.000000,0.200000,0.545455,0.333333,0.083333,Fair
0.750000,1.000000,0.583333,0.291667,0.041667,0.083333,0.875000,0.043478,0.043478,0.875000,0.083333,0.083333,Strong
0.906250,1.000000,0.793103,0.034483,0.068966,0.103448,0.586207,0.035714,0.035714,0.827586,0.166667,0.083333,Strong
0.812500,1.000000,0.769231,0.038462,0.076923,0.115385,0.576923,0.000000,0.040000,0.807692,0.166667,0.083333,Strong
0.343750,1.000000,0.454545,0.090909,0.363636,0.090909,1.000000,0.000000,0.000000,0.545455,0.333333,0.083333,Fair
0.812500,1.000000,0.769231,0.038462,0.076923,0.115385,0.615385,0.000000,0.080000,0.807692,0.166667,0.083333,Strong
0.343750,1.000000,0.363636,0.181818,0.363636,0.090909,0.818182,0.000000,0.300000,0.545455,0.333333,0.083333,Fair
0.625000,1.000000,0.350000,0.400000,0.100000,0.150000,0.950000,0.000000,0.105263,0.750000,0.083333,0.083333,Strong
0.156250,0.378947,0.800000,0.000000,0.200000,0.000000,1.000000,0.000000,0.750000,0.800000,0.083333,0.000000,Weak
0.125000,0.105263,0.000000,0.000000,1.000000,0.000000,1.000000,0.000000,0.666667,0.000000,0.333333,0.000000,Weak
0.500000,1.000000,0.312500,0.437500,0.125000,0.125000,0.875000,0.000000,0.066667,0.750000,0.083333,0.083333,Strong
0.250000,0.378947,0.750000,0.000000,0.250000,0.000000,0.875000,0.142857,0.000000,0.750000,0.166667,0.000000,Weak
0.312500,0.273684,1.000000,0.000000,0.000000,0.000000,0.100000,1.000000,0.000000,1.000000,0.000000,0.000000,Weak
0.750000,1.000000,0.750000,0.041667,0.083333,0.125000,0.708333,0.000000,0.000000,0.791667,0.166667,0.083333,Strong
0.156250,0.105263,0.000000,0.000000,1.000000,0.000000,1.000000,0.000000,0.750000,0.000000,0.416667,0.000000,Weak
0.156250,0.105263,0.000000,0.000000,1.000000,0.000000,0.200000,1.000000,0.000000,0.000000,0.416667,0.000000,Weak
0.750000,1.000000,0.375000,0.416667,0.125000,0.083333,0.916667,0.000000,0.000000,0.791667,0.083333,0.083333,Strong
0.312500,1.000000,0.400000,0.100000,0.400000,0.100000,1.000000,0.000000,0.000000,0.500000,0.333333,0.083333,Fair
0.125000,0.105263,0.000000,0.000000,1.000000,0.000000,1.000000,0.000000,1.000000,0.000000,0.333333,0.000000,Weak
0.312500,0.378947,0.800000,0.000000,0.200000,0.000000,0.900000,0.111111,0.000000,0.800000,0.166667,0.000000,Weak
0.750000,1.000000,0.250000,0.458333,0.208333,0.083333,0.916667,0.000000,0.000000,0.708333,0.083333,0.083333,Strong
0.375000,1.000000,0.416667,0.166667,0.333333,0.083333,0.916667,0.090909,0.000000,0.583333,0.333333,0.083333,Fair
0.312500,0.378947,0.800000,0.000000,0.200000,0.000000,0.900000,0.111111,0.000000,0.800000,0.166667,0.000000,Weak
0.875000,1.000000,0.785714,0.035714,0.071429,0.107143,0.607143,0.000000,0.000000,0.821429,0.166667,0.083333,Strong
0.312500,0.105263,0.000000,0.000000,1.000000,0.000000,0.100000,1.000000,0.000000,0.000000,0.833333,0.000000,Weak
0.281250,1.000000,0.555556,0.111111,0.222222,0.111111,1.000000,0.000000,0.125000,0.666667,0.166667,0.083333,Weak
0.906250,1.000000,0.793103,0.034483,0.068966,0.103448,0.586207,0.035714,0.035714,0.827586,0.166667,0.083333,Strong
0.281250,0.378947,0.777778,0.000000,0.222222,0.000000,0.888889,0.000000,0.000000,0.777778,0.166667,0.000000,Weak
0.250000,0.378947,0.750000,0.000000,0.250000,0.000000,0.875000,0.142857,0.142857,0.750000,0.166667,0.000000,Weak
0.843750,1.000000,0.777778,0.037037,0.074074,0.111111,0.703704,0.000000,0.038462,0.814815,0.166667,0.083333,Strong
0.500000,1.000000,0.312500,0.500000,0.062500,0.125000,0.812500,0.133333,0.000000,0.812500,0.083333,0.083333,Strong
0.343750,1.000000,0.363636,0.181818,0.363636,0.090909,0.909091,0.100000,0.100000,0.545455,0.333333,0.083333,Fair
0.312500,0.378947,0.800000,0.000000,0.200000,0.000000,0.900000,0.111111,0.111111,0.800000,0.166667,0.000000,Weak
0.781250,1.000000,0.760000,0.040000,0.080000,0.120000,0.640000,0.000000,0.041667,0.800000,0.166667,0.083333,Strong
0.593750,0.652632,0.473684,0.421053,0.105263,0.000000,0.894737,0.055556,0.055556,0.894737,0.083333,0.000000,Strong
0.343750,1.000000,0.454545,0.090909,0.363636,0.090909,1.000000,0.000000,0.100000,0.545455,0.333333,0.083333,Fair
0.156250,0.378947,0.800000,0.000000,0.200000,0.000000,1.000000,0.000000,0.750000,0.800000,0.083333,0.000000,Weak
0.250000,0.378947,0.750000,0.000000,0.250000,0.000000,1.000000,0.000000,0.000000,0.750000,0.166667,0.000000,Weak
0.375000,1.000000,0.416667,0.166667,0.333333,0.083333,0.916667,0.090909,0.000000,0.583333,0.333333,0.083333,Fair
0.875000,1.000000,0.785714,0.035714,0.071429,0.107143,0.642857,0.037037,0.037037,0.821429,0.166667,0.083333,Strong
0.843750,1.000000,0.777778,0.037037,0.074074,0.111111,0.629630,0.000000,0.115385,0.814815,0.166667,0.083333,Strong
0.281250,0.378947,0.777778,0.000000,0.222222,0.000000,0.777778,0.125000,0.000000,0.777778,0.166667,0.000000,Weak
0.312500,1.000000,0.400000,0.100000,0.400000,0.100000,1.000000,0.000000,0.111111,0.500000,0.333333,0.083333,Fair
0.187500,0.105263,0.000000,0.000000,1.000000,0.000000,0.166667,1.000000,0.000000,0.000000,0.500000,0.000000,Weak
0.812500,1.000000,0.769231,0.038462,0.076923,0.115385,0.615385,0.000000,0.080000,0.807692,0.166667,0.083333,Strong
0.281250,1.000000,0.555556,0.111111,0.222222,0.111111,0.888889,0.125000,0.000000,0.666667,0.166667,0.083333,Weak
0.312500,1.000000,0.400000,0.100000,0.400000,0.100000,0.900000,0.000000,0.111111,0.500000,0.333333,0.083333,Fair
0.812500,1.000000,0.769231,0.038462,0.076923,0.115385,0.615385,0.000000,0.000000,0.807692,0.166667,0.083333,Strong
0.281250,1.000000,0.555556,0.111111,0.222222,0.111111,1.000000,0.000000,0.125000,0.666667,0.166667,0.083333,Weak
0.125000,0.105263,0.000000,0.000000,1.000000,0.000000,0.750000,0.000000,0.666667,0.000000,0.333333,0.000000,Weak
0.312500,1.000000,0.400000,0.100000,0.400000,0.100000,0.900000,0.111111,0.000000,0.500000,0.333333,0.083333,Fair
0.375000,1.000000,0.416667,0.166667,0.333333,0.083333,1.000000,0.000000,0.181818,0.583333,0.333333,0.083333,Fair
0.406250,1.000000,0.461538,0.153846,0.307692,0.076923,0.923077,0.000000,0.166667,0.615385,0.333333,0.083333,Fair
0.531250,1.000000,0.235294,0.352941,0.176471,0.235294,0.882353,0.000000,0.062500,0.588235,0.166667,0.083333,Strong
0.812500,0.652632,0.461538,0.461538,0.076923,0.000000,0.884615,0.000000,0.000000,0.923077,0.083333,0.000000,Strong
0.343750,1.000000,0.454545,0.181818,0.272727,0.090909,1.000000,0.000000,0.000000,0.636364,0.250000,0.083333,Fair
0.343750,1.000000,0.454545,0.090909,0.363636,0.090909,1.000000,0.000000,0.000000,0.545455,0.333333,0.083333,Fair
0.343750,1.000000,0.454545,0.181818,0.272727,0.090909,0.909091,0.000000,0.000000,0.636364,0.250000,0.083333,Fair
0.281250,0.273684,1.000000,0.000000,0.000000,0.000000,0.111111,1.000000,0.000000,1.000000,0.000000,0.000000,Weak
0.812500,1.000000,0.269231,0.615385,0.038462,0.076923,0.807692,0.000000,0.080000,0.884615,0.083333,0.083333,Strong
0.312500,1.000000,0.600000,0.100000,0.200000,0.100000,0.900000,0.000000,0.000000,0.700000,0.166667,0.083333,Weak
0.250000,0.273684,1.000000,0.000000,0.000000,0.000000,0.125000,1.000000,0.000000,1.000000,0.000000,0.000000,Weak
0.875000,1.000000,0.785714,0.035714,0.071429,0.107143,0.607143,0.000000,0.074074,0.821429,0.166667,0.083333,Strong
0.625000,1.000000,0.350000,0.400000,0.050000,0.200000,0.950000,0.052632,0.000000,0.750000,0.083333,0.166667,Strong
0.406250,1.000000,0.461538,0.153846,0.307692,0.076923,1.000000,0.000000,0.083333,0.615385,0.333333,0.083333,Fair
0.875000,1.000000,0.785714,0.035714,0.071429,0.107143,0.607143,0.037037,0.000000,0.821429,0.166667,0.083333,Strong
0.718750,1.000000,0.347826,0.304348,0.217391,0.130435,0.782609,0.000000,0.000000,0.652174,0.083333,0.083333,Strong
0.375000,1.000000,0.416667,0.166667,0.333333,0.083333,0.833333,0.090909,0.272727,0.583333,0.333333,0.083333,Fair
0.750000,1.000000,0.208333,0.416667,0.250000,0.125000,0.750000,0.000000,0.043478,0.625000,0.166667,0.083333,Strong
0.250000,0.378947,0.750000,0.000000,0.250000,0.000000,1.000000,0.000000,0.000000,0.750000,0.166667,0.000000,Weak
0.343750,1.000000,0.454545,0.090909,0.363636,0.090909,1.000000,0.000000,0.100000,0.545455,0.333333,0.083333,Fair
0.812500,1.000000,0.461538,0.307692,0.038462,0.192308,0.846154,0.000000,0.040000,0.769231,0.083333,0.166667,Strong
0.750000,1.000000,0.458333,0.375000,0.125000,0.041667,0.875000,0.043478,0.086957,0.833333,0.083333,0.083333,Strong
0.718750,1.000000,0.130435,0.434783,0.173913,0.260870,0.782609,0.045455,0.000000,0.565217,0.083333,0.166667,Strong
0.250000,0.378947,0.750000,0.000000,0.250000,0.000000,1.000000,0.000000,0.000000,0.750000,0.166667,0.000000,Weak
0.250000,0.378947,0.750000,0.000000,0.250000,0.000000,1.000000,0.000000,0.142857,0.750000,0.166667,0.000000,Weak
0.375000,1.000000,0.500000,0.083333,0.333333,0.083333,1.000000,0.000000,0.000000,0.583333,0.333333,0.083333,Fair
0.125000,0.105263,0.000000,0.000000,1.000000,0.000000,0.250000,1.000000,0.000000,0.000000,0.333333,0.000000,Weak
0.312500,1.000000,0.400000,0.100000,0.400000,0.100000,1.000000,0.000000,0.000000,0.500000,0.333333,0.083333,Fair
0.312500,1.000000,0.500000,0.100000,0.300000,0.100000,1.000000,0.000000,0.111111,0.600000,0.250000,0.083333,Fair
0.125000,0.105263,0.000000,0.000000,1.000000,0.000000,1.000000,0.000000,0.666667,0.000000,0.333333,0.000000,Weak
0.531250,0.894737,0.352941,0.529412,0.000000,0.117647,0.705882,0.000000,0.125000,0.882353,0.000000,0.083333,Strong
0.781250,1.000000,0.760000,0.040000,0.080000,0.120000,0.560000,0.083333,0.000000,0.800000,0.166667,0.083333,Strong
0.218750,0.378947,0.857143,0.000000,0.142857,0.000000,1.000000,0.000000,0.000000,0.857143,0.083333,0.000000,Weak
0.156250,0.105263,0.000000,0.000000,1.000000,0.000000,0.800000,0.000000,0.750000,0.000000,0.416667,0.000000,Weak
0.281250,1.000000,0.555556,0.111111,0.222222,0.111111,1.000000,0.000000,0.125000,0.666667,0.166667,0.083333,Weak
0.531250,1.000000,0.411765,0.294118,0.058824,0.235294,0.882353,0.062500,0.125000,0.705882,0.083333,0.083333,Strong
0.125000,0.105263,0.000000,0.000000,1.000000,0.000000,0.750000,0.333333,0.666667,0.000000,0.333333,0.000000,Weak
0.281250,1.000000,0.555556,0.111111,0.222222,0.111111,1.000000,0.000000,0.000000,0.666667,0.166667,0.083333,Weak
0.343750,1.000000,0.454545,0.090909,0.363636,0.090909,0.909091,0.000000,0.300000,0.545455,0.333333,0.083333,Fair
0.781250,1.000000,0.760000,0.040000,0.080000,0.120000,0.680000,0.000000,0.083333,0.800000,0.166667,0.083333,Strong
0.875000,1.000000,0.785714,0.035714,0.071429,0.107143,0.607143,0.037037,0.000000,0.821429,0.166667,0.083333,Strong
0.312500,1.000000,0.400000,0.100000,0.400000,0.100000,0.900000,0.111111,0.111111,0.500000,0.333333,0.083333,Fair
0.375000,1.000000,0.416667,0.166667,0.333333,0.083333,1.000000,0.000000,0.000000,0.583333,0.333333,0.083333,Fair
0.218750,0.273684,1.000000,0.000000,0.000000,0.000000,0.142857,1.000000,0.000000,1.000000,0.000000,0.000000,Weak
0.687500,1.000000,0.318182,0.136364,0.363636,0.181818,0.818182,0.000000,0.142857,0.454545,0.333333,0.166667,Strong
0.281250,0.378947,0.777778,0.000000,0.222222,0.000000,0.888889,0.000000,0.000000,0.777778,0.166667,0.000000,Weak
0.125000,0.105263,0.000000,0.000000,1.000000,0.000000,1.000000,0.000000,0.666667,0.000000,0.333333,0.000000,Weak
0.906250,1.000000,0.793103,0.034483,0.068966,0.103448,0.586207,0.035714,0.035714,0.827586,0.166667,0.083333,Strong
0.343750,1.000000,0.454545,0.181818,0.272727,0.090909,0.909091,0.100000,0.100000,0.636364,0.250000,0.083333,Fair
0.281250,1.000000,0.555556,0.111111,0.222222,0.111111,1.000000,0.000000,0.000000,0.666667,0.166667,0.083333,Weak
0.218750,0.378947,0.857143,0.000000,0.142857,0.000000,0.857143,0.166667,0.000000,0.857143,0.083333,0.000000,Weak
0.312500,1.000000,0.400000,0.100000,0.400000,0.100000,1.000000,0.000000,0.111111,0.500000,0.333333,0.083333,Fair
0.125000,0.105263,0.000000,0.000000,1.000000,0.000000,1.000000,0.000000,0.666667,0.000000,0.333333,0.000000,Weak
0.125000,0.105263,0.000000,0.000000,1.000000,0.000000,1.000000,0.000000,0.666667,0.000000,0.333333,0.000000,Weak
0.312500,1.000000,0.400000,0.100000,0.400000,0.100000,0.900000,0.000000,0.000000,0.500000,0.333333,0.083333,Fair
0.281250,0.273684,1.000000,0.000000,0.000000,0.000000,0.111111,1.000000,0.000000,1.000000,0.000000,0.000000,Weak
0.156250,0.105263,0.000000,0.000000,1.000000,0.000000,0.200000,1.000000,0.000000,0.000000,0.416667,0.000000,Weak
0.156250,0.105263,0.000000,0.000000,1.000000,0.000000,0.200000,1.000000,0.000000,0.000000,0.416667,0.000000,Weak
0.812500,1.000000,0.769231,0.038462,0.076923,0.115385,0.653846,0.000000,0.000000,0.807692,0.166667,0.083333,Strong
0.125000,0.273684,1.000000,0.000000,0.000000,0.000000,0.250000,1.000000,0.000000,1.000000,0.000000,0.000000,Weak
0.343750,1.000000,0.363636,0.181818,0.363636,0.090909,1.000000,0.000000,0.000000,0.545455,0.333333,0.083333,Fair
0.343750,1.000000,0.363636,0.181818,0.363636,0.090909,0.818182,0.200000,0.000000,0.545455,0.333333,0.083333,Fair
0.343750,1.000000,0.454545,0.090909,0.363636,0.090909,0.818182,0.100000,0.000000,0.545455,0.333333,0.083333,Fair
0.156250,0.105263,0.000000,0.000000,1.000000,0.000000,0.200000,1.000000,0.000000,0.000000,0.416667,0.000000,Weak
0.312500,1.000000,0.400000,0.100000,0.400000,0.100000,1.000000,0.000000,0.000000,0.500000,0.333333,0.083333,Fair
0.875000,1.000000,0.785714,0.035714,0.071429,0.107143,0.571429,0.037037,0.037037,0.821429,0.166667,0.083333,Strong
0.375000,1.000000,0.416667,0.166667,0.333333,0.083333,0.916667,0.090909,0.090909,0.583333,0.333333,0.083333,Fair
0.218750,0.273684,1.000000,0.000000,0.000000,0.000000,0.142857,1.000000,0.000000,1.000000,0.000000,0.000000,Weak
0.687500,0.894737,0.409091,0.545455,0.000000,0.045455,0.818182,0.000000,0.142857,0.954545,0.000000,0.083333,Strong
0.375000,1.000000,0.500000,0.083333,0.333333,0.083333,0.916667,0.000000,0.181818,0.583333,0.333333,0.083333,Fair
0.343750,1.000000,0.454545,0.090909,0.363636,0.090909,0.909091,0.000000,0.000000,0.545455,0.333333,0.083333,Fair
0.125000,0.105263,0.000000,0.000000,1.000000,0.000000,0.250000,1.000000,0.000000,0.000000,0.333333,0.000000,Weak
0.343750,1.000000,0.454545,0.090909,0.363636,0.090909,0.909091,0.100000,0.100000,0.545455,0.333333,0.083333,Fair
0.375000,1.000000,0.416667,0.166667,0.333333,0.083333,0.833333,0.090909,0.000000,0.583333,0.333333,0.083333,Fair
0.562500,0.894737,0.500000,0.333333,0.000000,0.166667,0.833333,0.000000,0.000000,0.833333,0.000000,0.083333,Strong
0.312500,1.000000,0.400000,0.100000,0.400000,0.100000,0.900000,0.000000,0.444444,0.500000,0.333333,0.083333,Fair
0.343750,1.000000,0.363636,0.181818,0.363636,0.090909,0.909091,0.000000,0.100000,0.545455,0.333333,0.083333,Fair
0.218750,0.273684,1.000000,0.000000,0.000000,0.000000,0.142857,1.000000,0.000000,1.000000,0.000000,0.000000,Weak
0.718750,1.000000,0.260870,0.304348,0.260870,0.173913,0.869565,0.045455,0.045455,0.565217,0.166667,0.166667,Strong
0.343750,1.000000,0.454545,0.090909,0.363636,0.090909,0.909091,0.100000,0.000000,0.545455,0.333333,0.083333,Fair
0.593750,1.000000,0.157895,0.526316,0.105263,0.210526,0.894737,0.000000,0.000000,0.684211,0.083333,0.083333,Strong
0.250000,0.378947,0.750000,0.000000,0.250000,0.000000,0.750000,0.285714,0.000000,0.750000,0.166667,0.000000,Weak
0.937500,1.000000,0.800000,0.033333,0.066667,0.100000,0.533333,0.000000,0.034483,0.833333,0.166667,0.083333,Strong
0.375000,1.000000,0.416667,0.166667,0.333333,0.083333,0.916667,0.000000,0.090909,0.583333,0.333333,0.083333,Fair
0.343750,1.000000,0.636364,0.090909,0.181818,0.090909,0.909091,0.100000,0.100000,0.727273,0.166667,0.083333,Weak
0.937500,1.000000,0.800000,0.033333,0.066667,0.100000,0.633333,0.000000,0.034483,0.833333,0.166667,0.083333,Strong
0.156250,0.378947,0.800000,0.000000,0.200000,0.000000,1.000000,0.000000,0.750000,0.800000,0.083333,0.000000,Weak
0.250000,0.378947,0.875000,0.000000,0.125000,0.000000,0.875000,0.000000,0.000000,0.875000,0.083333,0.000000,Weak
0.375000,1.000000,0.416667,0.166667,0.333333,0.083333,0.916667,0.090909,0.000000,0.583333,0.333333,0.083333,Fair
0.281250,0.378947,0.777778,0.000000,0.222222,0.000000,0.888889,0.000000,0.000000,0.777778,0.166667,0.000000,Weak
0.312500,0.378947,0.800000,0.000000,0.200000,0.000000,0.900000,0.111111,0.000000,0.800000,0.166667,0.000000,Weak
0.250000,0.378947,0.750000,0.000000,0.250000,0.000000,1.000000,0.000000,0.142857,0.750000,0.166667,0.000000,Weak
0.218750,0.378947,0.857143,0.000000,0.142857,0.000000,1.000000,0.000000,0.166667,0.857143,0.083333,0.000000,Weak
0.281250,1.000000,0.333333,0.111111,0.444444,0.111111,0.888889,0.000000,0.125000,0.444444,0.333333,0.083333,Fair
0.875000,1.000000,0.785714,0.035714,0.071429,0.107143,0.607143,0.037037,0.000000,0.821429,0.166667,0.083333,Strong
0.312500,0.378947,0.800000,0.000000,0.200000,0.000000,0.900000,0.111111,0.000000,0.800000,0.166667,0.000000,Weak
0.843750,1.000000,0.777778,0.037037,0.074074,0.111111,0.555556,0.076923,0.038462,0.814815,0.166667,0.083333,Strong
0.281250,1.000000,0.333333,0.111111,0.444444,0.111111,1.000000,0.000000,0.000000,0.444444,0.333333,0.083333,Fair
0.718750,1.000000,0.391304,0.347826,0.086957,0.173913,0.826087,0.045455,0.045455,0.739130,0.083333,0.083333,Strong
0.343750,1.000000,0.454545,0.090909,0.363636,0.090909,0.909091,0.100000,0.200000,0.545455,0.333333,0.083333,Fair
0.843750,1.000000,0.777778,0.037037,0.074074,0.111111,0.629630,0.000000,0.038462,0.814815,0.166667,0.083333,Strong
0.281250,1.000000,0.444444,0.222222,0.222222,0.111111,1.000000,0.000000,0.125000,0.666667,0.166667,0.083333,Fair
0.562500,0.652632,0.444444,0.444444,0.111111,0.000000,0.777778,0.058824,0.000000,0.888889,0.083333,0.000000,Strong
0.250000,0.378947,0.750000,0.000000,0.250000,0.000000,0.875000,0.142857,0.142857,0.750000,0.166667,0.000000,Weak
0.250000,0.378947,0.750000,0.000000,0.250000,0.000000,1.000000,0.000000,0.142857,0.750000,0.166667,0.000000,Weak
0.281250,1.000000,0.555556,0.111111,0.222222,0.111111,1.000000,0.000000,0.125000,0.666667,0.166667,0.083333,Weak
0.812500,1.000000,0.769231,0.038462,0.076923,0.115385,0.653846,0.040000,0.000000,0.807692,0.166667,0.083333,Strong
0.781250,1.000000,0.760000,0.040000,0.080000,0.120000,0.720000,0.000000,0.083333,0.800000,0.166667,0.083333,Strong
0.343750,1.000000,0.454545,0.090909,0.363636,0.090909,0.909091,0.000000,0.200000,0.545455,0.333333,0.083333,Fair
0.906250,1.000000,0.793103,0.034483,0.068966,0.103448,0.620690,0.000000,0.000000,0.827586,0.166667,0.083333,Strong
0.281250,0.378947,0.777778,0.000000,0.222222,0.000000,0.888889,0.000000,0.000000,0.777778,0.166667,0.000000,Weak
0.375000,1.000000,0.500000,0.083333,0.333333,0.083333,0.916667,0.000000,0.090909,0.583333,0.333333,0.083333,Fair
0.125000,0.273684,1.000000,0.000000,0.000000,0.000000,0.250000,1.000000,0.000000,1.000000,0.000000,0.000000,Weak
0.375000,1.000000,0.416667,0.166667,0.333333,0.083333,1.000000,0.000000,0.000000,0.583333,0.333333,0.083333,Fair
0.312500,1.000000,0.600000,0.100000,0.200000,0.100000,0.900000,0.000000,0.000000,0.700000,0.166667,0.083333,Weak
0.343750,1.000000,0.363636,0.181818,0.363636,0.090909,0.818182,0.200000,0.100000,0.545455,0.333333,0.083333,Fair
0.343750,1.000000,0.454545,0.090909,0.363636,0.090909,0.909091,0.000000,0.000000,0.545455,0.333333,0.083333,Fair
0.281250,1.000000,0.555556,0.111111,0.222222,0.111111,1.000000,0.000000,0.125000,0.666667,0.166667,0.083333,Weak
0.156250,0.378947,0.800000,0.000000,0.200000,0.000000,1.000000,0.000000,0.750000,0.800000,0.083333,0.000000,Weak
0.843750,1.000000,0.777778,0.037037,0.074074,0.111111,0.518519,0.000000,0.000000,0.814815,0.166667,0.083333,Strong
0.312500,1.000000,0.400000,0.100000,0.400000,0.100000,1.000000,0.000000,0.111111,0.500000,0.333333,0.083333,Fair
0.781250,1.000000,0.600000,0.240000,0.080000,0.080000,0.840000,0.000000,0.041667,0.840000,0.083333,0.083333,Strong
0.812500,1.000000,0.346154,0.346154,0.153846,0.153846,0.769231,0.080000,0.000000,0.692308,0.083333,0.166667,Strong
0.343750,1.000000,0.454545,0.090909,0.363636,0.090909,1.000000,0.000000,0.000000,0.545455,0.333333,0.083333,Fair
0.812500,1.000000,0.769231,0.038462,0.076923,0.115385,0.615385,0.000000,0.000000,0.807692,0.166667,0.083333,Strong
0.625000,0.894737,0.550000,0.300000,0.000000,0.150000,0.750000,0.000000,0.000000,0.850000,0.000000,0.083333,Strong
0.625000,0.894737,0.600000,0.300000,0.000000,0.100000,0.850000,0.000000,0.000000,0.900000,0.000000,0.166667,Strong
0.281250,1.000000,0.555556,0.111111,0.222222,0.111111,1.000000,0.000000,0.125000,0.666667,0.166667,0.083333,Weak
0.312500,1.000000,0.500000,0.100000,0.300000,0.100000,1.000000,0.000000,0.000000,0.600000,0.250000,0.083333,Fair
0.250000,0.273684,1.000000,0.000000,0.000000,0.000000,0.125000,1.000000,0.000000,1.000000,0.000000,0.000000,Weak
0.875000,1.000000,0.785714,0.035714,0.071429,0.107143,0.571429,0.000000,0.000000,0.821429,0.166667,0.083333,Strong
0.312500,1.000000,0.400000,0.100000,0.400000,0.100000,1.000000,0.000000,0.000000,0.500000,0.333333,0.083333,Fair
0.281250,1.000000,0.555556,0.111111,0.222222,0.111111,1.000000,0.000000,0.000000,0.666667,0.166667,0.083333,Weak
0.375000,1.000000,0.500000,0.083333,0.333333,0.083333,0.833333,0.090909,0.000000,0.583333,0.333333,0.083333,Fair
0.656250,1.000000,0.380952,0.333333,0.190476,0.095238,0.952381,0.000000,0.000000,0.714286,0.083333,0.083333,Strong
0.312500,1.000000,0.400000,0.100000,0.400000,0.100000,1.000000,0.000000,0.111111,0.500000,0.333333,0.083333,Fair
0.343750,1.000000,0.363636,0.181818,0.363636,0.090909,1.000000,0.000000,0.100000,0.545455,0.333333,0.083333,Fair
0.343750,1.000000,0.454545,0.090909,0.363636,0.090909,1.000000,0.000000,0.000000,0.545455,0.333333,0.083333,Fair
0.375000,1.000000,0.500000,0.166667,0.250000,0.083333,0.833333,0.000000,0.000000,0.666667,0.250000,0.083333,Fair
0.625000,1.000000,0.450000,0.400000,0.050000,0.100000,0.850000,0.000000,0.000000,0.850000,0.083333,0.083333,Strong
0.187500,0.273684,1.000000,0.000000,0.000000,0.000000,0.166667,1.000000,0.000000,1.000000,0.000000,0.000000,Weak
0.312500,1.000000,0.400000,0.100000,0.400000,0.100000,0.900000,0.000000,0.222222,0.500000,0.333333,0.083333,Fair
0.312500,1.000000,0.400000,0.100000,0.400000,0.100000,0.900000,0.000000,0.111111,0.500000,0.333333,0.083333,Fair
0.312500,1.000000,0.400000,0.100000,0.400000,0.100000,1.000000,0.000000,0.111111,0.500000,0.333333,0.083333,Fair
0.312500,1.000000,0.400000,0.100000,0.400000,0.100000,1.000000,0.000000,0.111111,0.500000,0.333333,0.083333,Fair
0.250000,0.378947,0.750000,0.000000,0.250000,0.000000,1.000000,0.000000,0.142857,0.750000,0.166667,0.000000,Weak
0.343750,1.000000,0.363636,0.181818,0.363636,0.090909,0.909091,0.000000,0.100000,0.545455,0.333333,0.083333,Fair
0.906250,1.000000,0.793103,0.034483,0.068966,0.103448,0.655172,0.035714,0.000000,0.827586,0.166667,0.083333,Strong
0.312500,1.000000,0.400000,0.100000,0.400000,0.100000,0.900000,0.111111,0.000000,0.500000,0.333333,0.083333,Fair
0.531250,0.894737,0.294118,0.470588,0.000000,0.235294,0.823529,0.000000,0.125000,0.764706,0.000000,0.083333,Strong
0.750000,1.000000,0.416667,0.333333,0.125000,0.125000,0.875000,0.000000,0.000000,0.750000,0.083333,0.166667,Strong
0.312500,1.000000,0.300000,0.200000,0.400000,0.100000,0.900000,0.000000,0.000000,0.500000,0.333333,0.083333,Fair
0.687500,1.000000,0.181818,0.545455,0.136364,0.136364,0.909091,0.000000,0.047619,0.727273,0.083333,0.083333,Strong
0.156250,0.105263,0.000000,0.000000,1.000000,0.000000,1.000000,0.000000,0.750000,0.000000,0.416667,0.000000,Weak
0.500000,0.894737,0.312500,0.437500,0.000000,0.250000,0.750000,0.000000,0.000000,0.750000,0.000000,0.083333,Strong
0.375000,1.000000,0.500000,0.166667,0.250000,0.083333,0.916667,0.090909,0.000000,0.666667,0.250000,0.083333,Fair
0.843750,1.000000,0.777778,0.037037,0.074074,0.111111,0.666667,0.038462,0.038462,0.814815,0.166667,0.083333,Strong
0.625000,1.000000,0.350000,0.550000,0.050000,0.050000,0.700000,0.052632,0.052632,0.900000,0.083333,0.083333,Strong
0.312500,1.000000,0.400000,0.100000,0.400000,0.100000,0.900000,0.000000,0.000000,0.500000,0.333333,0.083333,Fair
0.843750,1.000000,0.777778,0.037037,0.074074,0.111111,0.629630,0.000000,0.000000,0.814815,0.166667,0.083333,Strong
0.281250,1.000000,0.555556,0.111111,0.222222,0.111111,1.000000,0.000000,0.000000,0.666667,0.166667,0.083333,Weak
0.343750,1.000000,0.363636,0.181818,0.363636,0.090909,1.000000,0.000000,0.000000,0.545455,0.333333,0.083333,Fair
0.906250,1.000000,0.793103,0.034483,0.068966,0.103448,0.586207,0.035714,0.035714,0.827586,0.166667,0.083333,Strong
0.656250,1.000000,0.380952,0.238095,0.238095,0.142857,0.809524,0.000000,0.000000,0.619048,0.083333,0.083333,Strong
0.281250,1.000000,0.555556,0.111111,0.222222,0.111111,0.777778,0.250000,0.000000,0.666667,0.166667,0.083333,Weak
0.312500,1.000000,0.400000,0.100000,0.400000,0.100000,1.000000,0.000000,0.000000,0.500000,0.333333,0.083333,Fair
0.312500,1.000000,0.400000,0.100000,0.400000,0.100000,0.800000,0.000000,0.222222,0.500000,0.333333,0.083333,Fair
0.343750,1.000000,0.454545,0.090909,0.363636,0.090909,0.909091,0.000000,0.000000,0.545455,0.333333,0.083333,Fair
0.812500,1.000000,0.423077,0.346154,0.153846,0.076923,0.807692,0.000000,0.040000,0.769231,0.083333,0.083333,Strong
0.812500,1.000000,0.538462,0.230769,0.115385,0.115385,0.769231,0.080000,0.080000,0.769231,0.166667,0.083333,Strong
0.625000,1.000000,0.250000,0.550000,0.100000,0.100000,0.950000,0.000000,0.052632,0.800000,0.083333,0.083333,Strong
0.218750,0.378947,0.857143,0.000000,0.142857,0.000000,1.000000,0.000000,0.000000,0.857143,0.083333,0.000000,Weak
0.343750,1.000000,0.454545,0.090909,0.363636,0.090909,0.909091,0.000000,0.100000,0.545455,0.333333,0.083333,Fair
0.562500,1.000000,0.222222,0.500000,0.055556,0.222222,0.722222,0.000000,0.000000,0.722222,0.083333,0.166667,Strong
0.281250,1.000000,0.333333,0.111111,0.444444,0.111111,1.000000,0.000000,0.125000,0.444444,0.333333,0.083333,Fair
0.500000,0.652632,0.500000,0.187500,0.312500,0.000000,0.875000,0.000000,0.000000,0.687500,0.166667,0.000000,Strong
0.281250,1.000000,0.555556,0.111111,0.222222,0.111111,1.000000,0.000000,0.250000,0.666667,0.166667,0.083333,Weak
0.937500,1.000000,0.800000,0.033333,0.066667,0.100000,0.566667,0.034483,0.034483,0.833333,0.166667,0.083333,Strong
0.281250,1.000000,0.333333,0.111111,0.444444,0.111111,0.888889,0.000000,0.000000,0.444444,0.333333,0.083333,Fair
0.156250,0.105263,0.000000,0.000000,1.000000,0.000000,1.000000,0.000000,0.750000,0.000000,0.416667,0.000000,Weak
0.312500,1.000000,0.400000,0.100000,0.400000,0.100000,0.900000,0.111111,0.000000,0.500000,0.333333,0.083333,Fair
0.312500,1.000000,0.600000,0.100000,0.200000,0.100000,0.900000,0.000000,0.000000,0.700000,0.166667,0.083333,Weak
0.406250,1.000000,0.461538,0.153846,0.307692,0.076923,0.846154,0.000000,0.083333,0.615385,0.333333,0.083333,Fair
0.312500,1.000000,0.400000,0.100000,0.400000,0.100000,1.000000,0.000000,0.111111,0.500000,0.333333,0.083333,Fair
0.218750,0.378947,0.857143,0.000000,0.142857,0.000000,1.000000,0.000000,0.000000,0.857143,0.083333,0.000000,Weak
0.343750,1.000000,0.454545,0.090909,0.363636,0.090909,0.818182,0.100000,0.000000,0.545455,0.333333,0.083333,Fair
0.781250,1.000000,0.360000,0.400000,0.200000,0.040000,0.960000,0.000000,0.000000,0.760000,0.083333,0.083333,Strong
0.281250,0.273684,1.000000,0.000000,0.000000,0.000000,0.111111,1.000000,0.000000,1.000000,0.000000,0.000000,Weak
0.406250,1.000000,0.461538,0.153846,0.307692,0.076923,0.846154,0.000000,0.166667,0.615385,0.333333,0.083333,Fair
0.625000,1.000000,0.550000,0.300000,0.100000,0.050000,0.900000,0.000000,0.052632,0.850000,0.166667,0.083333,Strong
0.343750,1.000000,0.363636,0.181818,0.363636,0.090909,0.909091,0.000000,0.200000,0.545455,0.333333,0.083333,Fair
0.343750,1.000000,0.454545,0.090909,0.363636,0.090909,1.000000,0.000000,0.100000,0.545455,0.333333,0.083333,Fair
0.125000,0.105263,0.000000,0.000000,1.000000,0.000000,0.750000,0.000000,1.000000,0.000000,0.333333,0.000000,Weak
0.343750,1.000000,0.454545,0.090909,0.363636,0.090909,1.000000,0.000000,0.000000,0.545455,0.333333,0.083333,Fair
0.562500,1.000000,0.222222,0.444444,0.166667,0.166667,0.888889,0.058824,0.000000,0.666667,0.166667,0.083333,Strong
0.343750,1.000000,0.454545,0.090909,0.363636,0.090909,0.909091,0.000000,0.000000,0.545455,0.333333,0.083333,Fair
0.250000,0.378947,0.750000,0.000000,0.250000,0.000000,1.000000,0.000000,0.142857,0.750000,0.166667,0.000000,Weak
0.375000,1.000000,0.500000,0.083333,0.333333,0.083333,0.916667,0.000000,0.181818,0.583333,0.333333,0.083333,Fair
0.906250,1.000000,0.793103,0.034483,0.068966,0.103448,0.517241,0.000000,0.035714,0.827586,0.166667,0.083333,Strong
0.906250,1.000000,0.793103,0.034483,0.068966,0.103448,0.586207,0.035714,0.071429,0.827586,0.166667,0.083333,Strong
0.312500,1.000000,0.400000,0.100000,0.400000,0.100000,1.000000,0.000000,0.111111,0.500000,0.333333,0.083333,Fair
0.750000,1.000000,0.416667,0.458333,0.041667,0.083333,0.916667,0.000000,0.086957,0.875000,0.083333,0.083333,Strong
0.281250,1.000000,0.555556,0.111111,0.222222,0.111111,1.000000,0.000000,0.000000,0.666667,0.166667,0.083333,Weak
0.375000,1.000000,0.500000,0.083333,0.333333,0.083333,0.916667,0.000000,0.000000,0.583333,0.333333,0.083333,Fair
0.718750,1.000000,0.260870,0.521739,0.086957,0.130435,0.913043,0.000000,0.000000,0.782609,0.083333,0.166667,Strong
0.875000,1.000000,0.785714,0.035714,0.071429,0.107143,0.678571,0.000000,0.000000,0.821429,0.166667,0.083333,Strong
0.687500,1.000000,0.409091,0.454545,0.045455,0.090909,0.727273,0.047619,0.095238,0.863636,0.083333,0.166667,Strong
0.750000,1.000000,0.500000,0.333333,0.125000,0.041667,0.750000,0.000000,0.086957,0.833333,0.083333,0.083333,Strong
0.375000,1.000000,0.500000,0.083333,0.333333,0.083333,0.833333,0.000000,0.000000,0.583333,0.333333,0.083333,Fair
0.312500,0.273684,1.000000,0.000000,0.000000,0.000000,0.100000,1.000000,0.000000,1.000000,0.000000,0.000000,Weak
0.312500,1.000000,0.400000,0.100000,0.400000,0.100000,0.900000,0.111111,0.111111,0.500000,0.333333,0.083333,Fair
0.218750,0.378947,0.857143,0.000000,0.142857,0.000000,1.000000,0.000000,0.000000,0.857143,0.083333,0.000000,Weak
0.375000,1.000000,0.416667,0.166667,0.333333,0.083333,0.750000,0.181818,0.090909,0.583333,0.333333,0.083333,Fair
0.625000,1.000000,0.250000,0.550000,0.050000,0.150000,0.850000,0.000000,0.000000,0.800000,0.083333,0.083333,Strong
0.875000,1.000000,0.785714,0.035714,0.071429,0.107143,0.571429,0.037037,0.037037,0.821429,0.166667,0.083333,Strong
0.343750,1.000000,0.363636,0.181818,0.363636,0.090909,0.909091,0.100000,0.000000,0.545455,0.333333,0.083333,Fair
0.218750,0.378947,0.857143,0.000000,0.142857,0.000000,1.000000,0.000000,0.166667,0.857143,0.083333,0.000000,Weak
0.906250,1.000000,0.793103,0.034483,0.068966,0.103448,0.655172,0.000000,0.000000,0.827586,0.166667,0.083333,Strong
0.281250,1.000000,0.555556,0.111111,0.222222,0.111111,1.000000,0.000000,0.000000,0.666667,0.166667,0.083333,Weak
0.343750,1.000000,0.363636,0.181818,0.363636,0.090909,1.000000,0.000000,0.200000,0.545455,0.333333,0.083333,Fair
0.156250,0.105263,0.000000,0.000000,1.000000,0.000000,1.000000,0.000000,0.750000,0.000000,0.416667,0.000000,Weak
0.312500,1.000000,0.400000,0.100000,0.400000,0.100000,1.000000,0.000000,0.111111,0.500000,0.333333,0.083333,Fair
0.906250,1.000000,0.793103,0.034483,0.068966,0.103448,0.482759,0.071429,0.000000,0.827586,0.166667,0.083333,Strong
0.125000,0.105263,0.000000,0.000000,1.000000,0.000000,1.000000,0.000000,0.666667,0.000000,0.333333,0.000000,Weak
0.781250,1.000000,0.760000,0.040000,0.080000,0.120000,0.600000,0.000000,0.000000,0.800000,0.166667,0.083333,Strong
0.187500,0.273684,1.000000,0.000000,0.000000,0.000000,0.166667,1.000000,0.000000,1.000000,0.000000,0.000000,Weak
0.843750,1.000000,0.777778,0.037037,0.074074,0.111111,0.592593,0.000000,0.038462,0.814815,0.166667,0.083333,Strong
0.718750,1.000000,0.478261,0.304348,0.086957,0.130435,0.739130,0.045455,0.000000,0.782609,0.083333,0.166667,Strong
0.125000,0.105263,0.000000,0.000000,1.000000,0.000000,1.000000,0.000000,0.666667,0.000000,0.333333,0.000000,Weak
0.343750,1.000000,0.363636,0.181818,0.363636,0.090909,1.000000,0.000000,0.100000,0.545455,0.333333,0.083333,Fair
0.156250,0.378947,0.800000,0.000000,0.200000,0.000000,1.000000,0.000000,0.750000,0.800000,0.083333,0.000000,Weak
0.281250,1.000000,0.555556,0.111111,0.222222,0.111111,1.000000,0.000000,0.000000,0.666667,0.166667,0.083333,Weak
0.281250,1.000000,0.555556,0.111111,0.222222,0.111111,1.000000,0.000000,0.125000,0.666667,0.166667,0.083333,Weak
0.343750,1.000000,0.454545,0.090909,0.363636,0.090909,0.909091,0.100000,0.000000,0.545455,0.333333,0.083333,Fair
0.312500,0.105263,0.000000,0.000000,1.000000,0.000000,0.100000,1.000000,0.000000,0.000000,0.833333,0.000000,Weak
0.312500,1.000000,0.600000,0.100000,0.200000,0.100000,0.900000,0.000000,0.000000,0.700000,0.166667,0.083333,Weak
0.750000,1.000000,0.416667,0.375000,0.083333,0.125000,0.791667,0.000000,0.043478,0.791667,0.083333,0.083333,Strong
0.187500,0.105263,0.000000,0.000000,1.000000,0.000000,0.166667,1.000000,0.000000,0.000000,0.500000,0.000000,Weak
0.281250,1.000000,0.333333,0.222222,0.333333,0.111111,1.000000,0.000000,0.000000,0.555556,0.250000,0.083333,Fair
0.343750,1.000000,0.454545,0.090909,0.363636,0.090909,1.000000,0.000000,0.000000,0.545455,0.333333,0.083333,Fair
0.687500,1.000000,0.318182,0.454545,0.181818,0.045455,0.727273,0.047619,0.095238,0.772727,0.166667,0.083333,Strong
0.312500,0.273684,1.000000,0.000000,0.000000,0.000000,0.100000,1.000000,0.000000,1.000000,0.000000,0.000000,Weak
0.281250,1.000000,0.444444,0.111111,0.333333,0.111111,1.000000,0.000000,0.125000,0.555556,0.250000,0.083333,Fair
0.312500,1.000000,0.400000,0.100000,0.400000,0.100000,0.900000,0.000000,0.000000,0.500000,0.333333,0.083333,Fair
0.281250,0.378947,0.777778,0.000000,0.222222,0.000000,0.888889,0.000000,0.000000,0.777778,0.166667,0.000000,Weak
0.218750,0.273684,1.000000,0.000000,0.000000,0.000000,0.142857,1.000000,0.000000,1.000000,0.000000,0.000000,Weak
0.312500,1.000000,0.600000,0.100000,0.200000,0.100000,0.900000,0.000000,0.000000,0.700000,0.166667,0.083333,Weak
0.312500,1.000000,0.600000,0.100000,0.200000,0.100000,0.900000,0.000000,0.000000,0.700000,0.166667,0.083333,Weak
0.343750,1.000000,0.363636,0.181818,0.363636,0.090909,1.000000,0.000000,0.000000,0.545455,0.333333,0.083333,Fair
0.250000,0.105263,0.000000,0.000000,1.000000,0.000000,0.125000,1.000000,0.000000,0.000000,0.666667,0.000000,Weak
0.218750,0.273684,1.000000,0.000000,0.000000,0.000000,0.142857,1.000000,0.000000,1.000000,0.000000,0.000000,Weak
0.375000,1.000000,0.500000,0.166667,0.250000,0.083333,0.916667,0.000000,0.000000,0.666667,0.250000,0.083333,Fair
0.156250,0.105263,0.000000,0.000000,1.000000,0.000000,0.800000,0.000000,1.000000,0.000000,0.416667,0.000000,Weak
0.312500,1.000000,0.400000,0.100000,0.400000,0.100000,0.800000,0.111111,0.000000,0.500000,0.333333,0.083333,Fair
0.343750,1.000000,0.454545,0.090909,0.363636,0.090909,0.909091,0.000000,0.100000,0.545455,0.333333,0.083333,Fair
0.812500,1.000000,0.769231,0.038462,0.076923,0.115385,0.653846,0.000000,0.160000,0.807692,0.166667,0.083333,Strong
0.781250,1.000000,0.760000,0.040000,0.080000,0.120000,0.720000,0.000000,0.000000,0.800000,0.166667,0.083333,Strong
0.312500,1.000000,0.400000,0.100000,0.400000,0.100000,0.800000,0.000000,0.444444,0.500000,0.333333,0.083333,Fair
0.312500,1.000000,0.600000,0.100000,0.200000,0.100000,0.800000,0.111111,0.000000,0.700000,0.166667,0.083333,Weak
0.781250,1.000000,0.760000,0.040000,0.080000,0.120000,0.560000,0.000000,0.125000,0.800000,0.166667,0.083333,Strong
0.812500,1.000000,0.384615,0.307692,0.269231,0.038462,0.769231,0.000000,0.080000,0.692308,0.333333,0.083333,Strong
0.218750,0.105263,0.000000,0.000000,1.000000,0.000000,0.142857,1.000000,0.000000,0.000000,0.583333,0.000000,Weak
0.125000,0.105263,0.000000,0.000000,1.000000,0.000000,1.000000,0.000000,0.666667,0.000000,0.333333,0.000000,Weak
0.875000,1.000000,0.785714,0.035714,0.071429,0.107143,0.642857,0.000000,0.111111,0.821429,0.166667,0.083333,Strong
0.625000,1.000000,0.450000,0.100000,0.250000,0.200000,0.800000,0.000000,0.000000,0.550000,0.166667,0.166667,Strong
0.281250,0.105263,0.000000,0.000000,1.000000,0.000000,0.111111,1.000000,0.000000,0.000000,0.750000,0.000000,Weak
0.812500,1.000000,0.769231,0.038462,0.076923,0.115385,0.769231,0.000000,0.080000,0.807692,0.166667,0.083333,Strong
0.656250,0.652632,0.380952,0.380952,0.238095,0.000000,0.904762,0.000000,0.050000,0.761905,0.250000,0.000000,Strong
0.343750,1.000000,0.636364,0.090909,0.181818,0.090909,0.909091,0.100000,0.000000,0.727273,0.166667,0.083333,Weak
0.718750,0.547368,0.565217,0.434783,0.000000,0.000000,0.826087,0.000000,0.045455,1.000000,0.000000,0.000000,Strong
0.281250,0.105263,0.000000,0.000000,1.000000,0.000000,0.111111,1.000000,0.000000,0.000000,0.750000,0.000000,Weak
0.906250,1.000000,0.793103,0.034483,0.068966,0.103448,0.586207,0.035714,0.071429,0.827586,0.166667,0.083333,Strong
0.156250,0.378947,0.800000,0.000000,0.200000,0.000000,1.000000,0.000000,0.750000,0.800000,0.083333,0.000000,Weak
0.187500,0.273684,1.000000,0.000000,0.000000,0.000000,0.166667,1.000000,0.000000,1.000000,0.000000,0.000000,Weak
0.812500,1.000000,0.769231,0.038462,0.076923,0.115385,0.692308,0.040000,0.000000,0.807692,0.166667,0.083333,Strong
0.343750,1.000000,0.454545,0.090909,0.363636,0.090909,0.818182,0.100000,0.000000,0.545455,0.333333,0.083333,Fair
0.812500,1.000000,0.153846,0.538462,0.115385,0.192308,0.769231,0.000000,0.000000,0.692308,0.166667,0.083333,Strong
0.343750,1.000000,0.454545,0.090909,0.363636,0.090909,0.909091,0.100000,0.000000,0.545455,0.333333,0.083333,Fair
0.312500,1.000000,0.600000,0.100000,0.200000,0.100000,0.900000,0.000000,0.000000,0.700000,0.166667,0.083333,Weak
0.406250,1.000000,0.461538,0.153846,0.307692,0.076923,1.000000,0.000000,0.083333,0.615385,0.333333,0.083333,Fair
0.375000,1.000000,0.500000,0.083333,0.333333,0.083333,0.916667,0.000000,0.000000,0.583333,0.333333,0.083333,Fair
0.375000,1.000000,0.416667,0.166667,0.333333,0.083333,0.916667,0.000000,0.272727,0.583333,0.333333,0.083333,Fair
0.562500,0.652632,0.277778,0.666667,0.055556,0.000000,0.888889,0.058824,0.000000,0.944444,0.083333,0.000000,Strong
0.156250,0.378947,0.800000,0.000000,0.200000,0.000000,1.000000,0.000000,0.750000,0.800000,0.083333,0.000000,Weak
0.562500,1.000000,0.388889,0.444444,0.055556,0.111111,0.944444,0.000000,0.000000,0.833333,0.083333,0.083333,Strong
0.343750,1.000000,0.363636,0.181818,0.363636,0.090909,1.000000,0.000000,0.100000,0.545455,0.333333,0.083333,Fair
0.312500,1.000000,0.400000,0.100000,0.400000,0.100000,1.000000,0.000000,0.222222,0.500000,0.333333,0.083333,Fair
0.343750,1.000000,0.363636,0.181818,0.363636,0.090909,0.909091,0.000000,0.000000,0.545455,0.333333,0.083333,Fair
0.343750,1.000000,0.454545,0.090909,0.363636,0.090909,0.909091,0.000000,0.000000,0.545455,0.333333,0.083333,Fair
0.781250,1.000000,0.280000,0.400000,0.080000,0.240000,0.920000,0.000000,0.083333,0.680000,0.083333,0.083333,Strong
0.343750,1.000000,0.363636,0.181818,0.363636,0.090909,0.909091,0.100000,0.000000,0.545455,0.333333,0.083333,Fair
0.281250,0.378947,0.777778,0.000000,0.222222,0.000000,0.888889,0.000000,0.000000,0.777778,0.166667,0.000000,Weak
0.781250,1.000000,0.760000,0.040000,0.080000,0.120000,0.720000,0.000000,0.083333,0.800000,0.166667,0.083333,Strong
0.687500,1.000000,0.409091,0.318182,0.090909,0.181818,0.863636,0.000000,0.095238,0.727273,0.166667,0.083333,Strong
0.343750,1.000000,0.454545,0.090909,0.363636,0.090909,0.909091,0.000000,0.100000,0.545455,0.333333,0.083333,Fair
0.343750,1.000000,0.454545,0.090909,0.363636,0.090909,1.000000,0.000000,0.000000,0.545455,0.333333,0.083333,Fair
0.343750,1.000000,0.363636,0.181818,0.363636,0.090909,1.000000,0.000000,0.000000,0.545455,0.333333,0.083333,Fair
0.312500,1.000000,0.400000,0.100000,0.400000,0.100000,1.000000,0.000000,0.000000,0.500000,0.333333,0.083333,Fair
0.281250,1.000000,0.555556,0.111111,0.222222,0.111111,1.000000,0.000000,0.125000,0.666667,0.166667,0.083333,Weak
0.312500,1.000000,0.400000,0.100000,0.400000,0.100000,0.700000,0.000000,0.222222,0.500000,0.333333,0.083333,Fair
0.281250,1.000000,0.555556,0.111111,0.222222,0.111111,0.888889,0.125000,0.000000,0.666667,0.166667,0.083333,Weak
0.281250,1.000000,0.333333,0.111111,0.444444,0.111111,0.888889,0.125000,0.000000,0.444444,0.333333,0.083333,Fair
0.187500,0.273684,1.000000,0.000000,0.000000,0.000000,0.166667,1.000000,0.000000,1.000000,0.000000,0.000000,Weak
0.218750,0.105263,0.000000,0.000000,1.000000,0.000000,0.142857,1.000000,0.000000,0.000000,0.583333,0.000000,Weak
0.375000,1.000000,0.416667,0.166667,0.333333,0.083333,0.833333,0.090909,0.000000,0.583333,0.333333,0.083333,Fair
0.312500,1.000000,0.300000,0.200000,0.400000,0.100000,0.900000,0.111111,0.111111,0.500000,0.333333,0.083333,Fair
0.156250,0.378947,0.800000,0.000000,0.200000,0.000000,1.000000,0.000000,0.750000,0.800000,0.083333,0.000000,Weak
0.593750,1.000000,0.263158,0.210526,0.315789,0.210526,0.789474,0.000000,0.055556,0.473684,0.166667,0.083333,Strong
0.218750,0.378947,0.857143,0.000000,0.142857,0.000000,1.000000,0.000000,0.000000,0.857143,0.083333,0.000000,Weak
0.156250,0.105263,0.000000,0.000000,1.000000,0.000000,0.200000,1.000000,0.000000,0.000000,0.416667,0.000000,Weak
0.343750,1.000000,0.454545,0.090909,0.363636,0.090909,0.909091,0.100000,0.100000,0.545455,0.333333,0.083333,Fair
0.250000,0.378947,0.750000,0.000000,0.250000,0.000000,1.000000,0.000000,0.142857,0.750000,0.166667,0.000000,Weak
0.937500,1.000000,0.800000,0.033333,0.066667,0.100000,0.600000,0.000000,0.034483,0.833333,0.166667,0.083333,Strong
0.250000,0.273684,1.000000,0.000000,0.000000,0.000000,0.125000,1.000000,0.000000,1.000000,0.000000,0.000000,Weak
0.312500,1.000000,0.400000,0.100000,0.400000,0.100000,0.900000,0.000000,0.000000,0.500000,0.333333,0.083333,Fair
0.562500,1.000000,0.555556,0.333333,0.055556,0.055556,0.888889,0.000000,0.058824,0.888889,0.083333,0.083333,Strong
0.906250,1.000000,0.793103,0.034483,0.068966,0.103448,0.620690,0.035714,0.000000,0.827586,0.166667,0.083333,Strong
0.312500,1.000000,0.400000,0.100000,0.400000,0.100000,1.000000,0.000000,0.111111,0.500000,0.333333,0.083333,Fair
0.343750,1.000000,0.454545,0.090909,0.363636,0.090909,0.909091,0.000000,0.100000,0.545455,0.333333,0.083333,Fair
0.656250,1.000000,0.428571,0.333333,0.142857,0.095238,0.857143,0.000000,0.050000,0.761905,0.083333,0.083333,Strong
0.218750,0.378947,0.857143,0.000000,0.142857,0.000000,0.857143,0.166667,0.000000,0.857143,0.083333,0.000000,Weak
0.250000,0.378947,0.750000,0.000000,0.250000,0.000000,1.000000,0.000000,0.142857,0.750000,0.166667,0.000000,Weak
0.250000,0.273684,1.000000,0.000000,0.000000,0.000000,0.125000,1.000000,0.000000,1.000000,0.000000,0.000000,Weak
0.281250,0.105263,0.000000,0.000000,1.000000,0.000000,0.111111,1.000000,0.000000,0.000000,0.750000,0.000000,Weak
0.750000,1.000000,0.291667,0.500000,0.125000,0.083333,0.750000,0.043478,0.000000,0.791667,0.166667,0.083333,Strong
0.250000,0.378947,0.750000,0.000000,0.250000,0.000000,0.875000,0.142857,0.000000,0.750000,0.166667,0.000000,Weak
0.281250,1.000000,0.555556,0.111111,0.222222,0.111111,0.888889,0.125000,0.125000,0.666667,0.166667,0.083333,Weak
0.343750,1.000000,0.454545,0.090909,0.363636,0.090909,0.909091,0.000000,0.100000,0.545455,0.333333,0.083333,Fair
0.781250,1.000000,0.360000,0.440000,0.160000,0.040000,0.800000,0.000000,0.041667,0.800000,0.083333,0.083333,Strong
0.125000,0.273684,1.000000,0.000000,0.000000,0.000000,0.250000,1.000000,0.000000,1.000000,0.000000,0.000000,Weak
0.406250,1.000000,0.461538,0.153846,0.307692,0.076923,0.846154,0.000000,0.083333,0.615385,0.333333,0.083333,Fair
0.812500,1.000000,0.769231,0.038462,0.076923,0.115385,0.653846,0.040000,0.040000,0.807692,0.166667,0.083333,Strong
0.343750,1.000000,0.545455,0.090909,0.272727,0.090909,0.909091,0.100000,0.000000,0.636364,0.250000,0.083333,Fair
0.312500,1.000000,0.400000,0.100000,0.400000,0.100000,1.000000,0.000000,0.222222,0.500000,0.333333,0.083333,Fair
0.218750,0.273684,1.000000,0.000000,0.000000,0.000000,0.142857,1.000000,0.000000,1.000000,0.000000,0.000000,Weak
0.281250,0.378947,0.777778,0.000000,0.222222,0.000000,0.888889,0.000000,0.000000,0.777778,0.166667,0.000000,Weak
0.312500,0.378947,0.800000,0.000000,0.200000,0.000000,0.900000,0.111111,0.111111,0.800000,0.166667,0.000000,Weak
0.250000,0.273684,1.000000,0.000000,0.000000,0.000000,0.125000,1.000000,0.000000,1.000000,0.000000,0.000000,Weak
0.312500,1.000000,0.400000,0.100000,0.400000,0.100000,1.000000,0.000000,0.111111,0.500000,0.333333,0.083333,Fair
0.343750,1.000000,0.363636,0.181818,0.363636,0.090909,1.000000,0.000000,0.000000,0.545455,0.333333,0.083333,Fair
0.312500,1.000000,0.400000,0.100000,0.400000,0.100000,0.900000,0.000000,0.333333,0.500000,0.333333,0.083333,Fair
0.875000,1.000000,0.785714,0.035714,0.071429,0.107143,0.571429,0.000000,0.037037,0.821429,0.166667,0.083333,Strong
0.312500,1.000000,0.500000,0.100000,0.300000,0.100000,1.000000,0.000000,0.222222,0.600000,0.250000,0.083333,Fair
0.312500,0.273684,1.000000,0.000000,0.000000,0.000000,0.100000,1.000000,0.000000,1.000000,0.000000,0.000000,Weak
0.562500,1.000000,0.277778,0.500000,0.166667,0.055556,0.944444,0.058824,0.000000,0.777778,0.166667,0.083333,Strong
0.375000,1.000000,0.416667,0.166667,0.333333,0.083333,0.916667,0.090909,0.000000,0.583333,0.333333,0.083333,Fair
0.281250,1.000000,0.555556,0.111111,0.222222,0.111111,1.000000,0.000000,0.000000,0.666667,0.166667,0.083333,Weak
0.750000,1.000000,0.750000,0.041667,0.083333,0.125000,0.708333,0.043478,0.000000,0.791667,0.166667,0.083333,Strong
0.781250,1.000000,0.760000,0.040000,0.080000,0.120000,0.640000,0.000000,0.000000,0.800000,0.166667,0.083333,Strong
0.312500,0.378947,0.800000,0.000000,0.200000,0.000000,0.900000,0.111111,0.000000,0.800000,0.166667,0.000000,Weak
0.187500,0.105263,0.000000,0.000000,1.000000,0.000000,0.166667,1.000000,0.000000,0.000000,0.500000,0.000000,Weak
0.312500,0.378947,0.800000,0.000000,0.200000,0.000000,0.900000,0.111111,0.000000,0.800000,0.166667,0.000000,Weak
0.343750,1.000000,0.363636,0.181818,0.363636,0.090909,1.000000,0.000000,0.200000,0.545455,0.333333,0.083333,Fair
0.250000,1.000000,0.375000,0.125000,0.375000,0.125000,0.750000,0.285714,0.000000,0.500000,0.250000,0.083333,Fair
0.312500,1.000000,0.600000,0.100000,0.200000,0.100000,0.900000,0.000000,0.000000,0.700000,0.166667,0.083333,Weak
0.312500,0.378947,0.800000,0.000000,0.200000,0.000000,0.900000,0.111111,0.000000,0.800000,0.166667,0.000000,Weak
0.312500,1.000000,0.300000,0.200000,0.400000,0.100000,0.900000,0.111111,0.000000,0.500000,0.333333,0.083333,Fair
0.281250,1.000000,0.333333,0.111111,0.444444,0.111111,1.000000,0.000000,0.000000,0.444444,0.333333,0.083333,Fair
0.250000,0.105263,0.000000,0.000000,1.000000,0.000000,0.125000,1.000000,0.000000,0.000000,0.666667,0.000000,Weak
0.781250,1.000000,0.760000,0.040000,0.080000,0.120000,0.680000,0.041667,0.000000,0.800000,0.166667,0.083333,Strong
0.343750,1.000000,0.454545,0.090909,0.363636,0.090909,0.909091,0.000000,0.000000,0.545455,0.333333,0.083333,Fair
0.781250,1.000000,0.320000,0.320000,0.040000,0.320000,0.680000,0.041667,0.000000,0.640000,0.083333,0.250000,Strong
0.281250,1.000000,0.555556,0.111111,0.222222,0.111111,0.888889,0.125000,0.000000,0.666667,0.166667,0.083333,Weak
0.375000,1.000000,0.500000,0.083333,0.333333,0.083333,0.833333,0.000000,0.000000,0.583333,0.333333,0.083333,Fair
0.750000,1.000000,0.250000,0.541667,0.125000,0.083333,0.708333,0.086957,0.000000,0.791667,0.166667,0.083333,Strong
0.375000,1.000000,0.416667,0.166667,0.333333,0.083333,1.000000,0.000000,0.090909,0.583333,0.333333,0.083333,Fair
0.375000,1.000000,0.500000,0.083333,0.333333,0.083333,0.916667,0.090909,0.090909,0.583333,0.333333,0.083333,Fair
0.281250,0.378947,0.777778,0.000000,0.222222,0.000000,0.888889,0.000000,0.000000,0.777778,0.166667,0.000000,Weak
0.718750,1.000000,0.304348,0.391304,0.217391,0.086957,0.913043,0.000000,0.090909,0.695652,0.166667,0.083333,Strong
0.125000,0.105263,0.000000,0.000000,1.000000,0.000000,0.250000,1.000000,0.000000,0.000000,0.333333,0.000000,Weak
0.375000,1.000000,0.416667,0.166667,0.333333,0.083333,1.000000,0.000000,0.000000,0.583333,0.333333,0.083333,Fair
0.343750,1.000000,0.454545,0.090909,0.363636,0.090909,0.909091,0.000000,0.100000,0.545455,0.333333,0.083333,Fair
0.843750,1.000000,0.777778,0.037037,0.074074,0.111111,0.592593,0.038462,0.115385,0.814815,0.166667,0.083333,Strong
0.375000,1.000000,0.500000,0.083333,0.333333,0.083333,0.916667,0.000000,0.181818,0.583333,0.333333,0.083333,Fair
0.343750,1.000000,0.454545,0.090909,0.363636,0.090909,1.000000,0.000000,0.100000,0.545455,0.333333,0.083333,Fair
0.250000,0.378947,0.750000,0.000000,0.250000,0.000000,1.000000,0.000000,0.142857,0.750000,0.166667,0.000000,Weak
0.281250,1.000000,0.444444,0.111111,0.333333,0.111111,1.000000,0.000000,0.000000,0.555556,0.250000,0.083333,Fair
0.625000,1.000000,0.450000,0.350000,0.100000,0.100000,0.900000,0.000000,0.052632,0.800000,0.083333,0.166667,Strong
0.281250,1.000000,0.444444,0.111111,0.333333,0.111111,0.888889,0.125000,0.125000,0.555556,0.250000,0.083333,Fair
0.343750,1.000000,0.454545,0.090909,0.363636,0.090909,1.000000,0.000000,0.100000,0.545455,0.333333,0.083333,Fair
0.281250,1.000000,0.333333,0.111111,0.444444,0.111111,1.000000,0.000000,0.000000,0.444444,0.333333,0.083333,Fair
0.250000,0.378947,0.750000,0.000000,0.250000,0.000000,0.875000,0.142857,0.142857,0.750000,0.166667,0.000000,Weak
0.937500,1.000000,0.800000,0.033333,0.066667,0.100000,0.500000,0.000000,0.034483,0.833333,0.166667,0.083333,Strong
0.281250,1.000000,0.555556,0.111111,0.222222,0.111111,0.888889,0.125000,0.000000,0.666667,0.166667,0.083333,Weak
0.156250,0.105263,0.000000,0.000000,1.000000,0.000000,0.200000,1.000000,0.000000,0.000000,0.416667,0.000000,Weak
0.562500,1.000000,0.555556,0.111111,0.111111,0.222222,0.833333,0.000000,0.000000,0.666667,0.083333,0.166667,Strong
0.343750,1.000000,0.363636,0.181818,0.363636,0.090909,0.909091,0.000000,0.000000,0.545455,0.333333,0.083333,Fair
0.281250,1.000000,0.555556,0.111111,0.222222,0.111111,1.000000,0.000000,0.000000,0.666667,0.166667,0.083333,Weak
0.906250,1.000000,0.793103,0.034483,0.068966,0.103448,0.482759,0.000000,0.035714,0.827586,0.166667,0.083333,Strong
0.875000,1.000000,0.785714,0.035714,0.071429,0.107143,0.571429,0.000000,0.000000,0.821429,0.166667,0.083333,Strong
0.312500,1.000000,0.400000,0.100000,0.400000,0.100000,1.000000,0.000000,0.111111,0.500000,0.333333,0.083333,Fair
0.312500,1.000000,0.400000,0.100000,0.400000,0.100000,1.000000,0.000000,0.000000,0.500000,0.333333,0.083333,Fair
0.718750,1.000000,0.434783,0.304348,0.217391,0.043478,0.869565,0.000000,0.000000,0.739130,0.083333,0.083333,Strong
0.343750,1.000000,0.454545,0.090909,0.363636,0.090909,0.909091,0.000000,0.100000,0.545455,0.333333,0.083333,Fair
0.375000,1.000000,0.416667,0.166667,0.333333,0.083333,0.833333,0.090909,0.181818,0.583333,0.333333,0.083333,Fair
0.343750,1.000000,0.454545,0.090909,0.363636,0.090909,0.909091,0.100000,0.000000,0.545455,0.333333,0.083333,Fair
0.875000,1.000000,0.785714,0.035714,0.071429,0.107143,0.571429,0.000000,0.000000,0.821429,0.166667,0.083333,Strong
0.343750,1.000000,0.454545,0.181818,0.272727,0.090909,0.909091,0.000000,0.100000,0.636364,0.250000,0.083333,Fair
0.281250,1.000000,0.333333,0.111111,0.444444,0.111111,0.888889,0.125000,0.125000,0.444444,0.333333,0.083333,Fair
0.343750,1.000000,0.363636,0.181818,0.363636,0.090909,0.909091,0.100000,0.000000,0.545455,0.333333,0.083333,Fair
0.281250,1.000000,0.555556,0.111111,0.222222,0.111111,0.888889,0.125000,0.000000,0.666667,0.166667,0.083333,Weak
0.343750,1.000000,0.545455,0.090909,0.272727,0.090909,0.909091,0.000000,0.100000,0.636364,0.250000,0.083333,Fair
0.343750,1.000000,0.454545,0.090909,0.363636,0.090909,1.000000,0.000000,0.100000,0.545455,0.333333,0.083333,Fair
0.343750,1.000000,0.454545,0.090909,0.363636,0.090909,0.818182,0.100000,0.000000,0.545455,0.333333,0.083333,Fair
0.218750,0.105263,0.000000,0.000000,1.000000,0.000000,0.142857,1.000000,0.000000,0.000000,0.583333,0.000000,Weak
0.156250,0.378947,0.800000,0.000000,0.200000,0.000000,1.000000,0.000000,0.750000,0.800000,0.083333,0.000000,Weak
0.687500,1.000000,0.454545,0.318182,0.090909,0.136364,0.863636,0.047619,0.095238,0.772727,0.083333,0.166667,Strong
0.906250,1.000000,0.793103,0.034483,0.068966,0.103448,0.551724,0.035714,0.035714,0.827586,0.166667,0.083333,Strong
0.531250,0.894737,0.411765,0.411765,0.000000,0.176471,0.882353,0.000000,0.000000,0.823529,0.000000,0.083333,Strong
0.156250,0.105263,0.000000,0.000000,1.000000,0.000000,1.000000,0.000000,0.750000,0.000000,0.416667,0.000000,Weak
0.281250,1.000000,0.555556,0.111111,0.222222,0.111111,1.000000,0.000000,0.000000,0.666667,0.166667,0.083333,Weak
0.312500,1.000000,0.400000,0.100000,0.400000,0.100000,1.000000,0.000000,0.000000,0.500000,0.333333,0.083333,Fair
0.125000,0.105263,0.000000,0.000000,1.000000,0.000000,1.000000,0.000000,1.000000,0.000000,0.333333,0.000000,Weak
0.718750,1.000000,0.434783,0.347826,0.173913,0.043478,0.826087,0.000000,0.000000,0.782609,0.166667,0.083333,Strong
0.687500,1.000000,0.363636,0.227273,0.181818,0.227273,0.818182,0.000000,0.000000,0.590909,0.166667,0.083333,Strong
0.312500,1.000000,0.400000,0.100000,0.400000,0.100000,1.000000,0.000000,0.000000,0.500000,0.333333,0.083333,Fair
0.718750,1.000000,0.391304,0.521739,0.043478,0.043478,0.739130,0.045455,0.000000,0.913043,0.083333,0.083333,Strong
0.218750,0.105263,0.000000,0.000000,1.000000,0.000000,0.142857,1.000000,0.000000,0.000000,0.583333,0.000000,Weak
0.875000,1.000000,0.785714,0.035714,0.071429,0.107143,0.571429,0.037037,0.037037,0.821429,0.166667,0.083333,Strong
0.875000,1.000000,0.785714,0.035714,0.071429,0.107143,0.500000,0.074074,0.000000,0.821429,0.166667,0.083333,Strong
0.593750,1.000000,0.421053,0.210526,0.315789,0.052632,0.947368,0.000000,0.055556,0.631579,0.083333,0.083333,Strong
0.281250,1.000000,0.333333,0.111111,0.444444,0.111111,0.888889,0.000000,0.250000,0.444444,0.333333,0.083333,Fair
0.218750,0.105263,0.000000,0.000000,1.000000,0.000000,0.142857,1.000000,0.000000,0.000000,0.583333,0.000000,Weak
0.562500,1.000000,0.611111,0.222222,0.055556,0.111111,0.888889,0.000000,0.058824,0.833333,0.083333,0.083333,Strong
0.750000,1.000000,0.333333,0.458333,0.125000,0.083333,0.791667,0.000000,0.000000,0.791667,0.083333,0.166667,Strong
0.968750,1.000000,0.806452,0.032258,0.064516,0.096774,0.580645,0.033333,0.066667,0.838710,0.166667,0.083333,Strong
0.312500,1.000000,0.500000,0.100000,0.300000,0.100000,1.000000,0.000000,0.111111,0.600000,0.250000,0.083333,Fair
0.781250,1.000000,0.760000,0.040000,0.080000,0.120000,0.680000,0.000000,0.000000,0.800000,0.166667,0.083333,Strong
0.312500,1.000000,0.500000,0.100000,0.300000,0.100000,1.000000,0.000000,0.000000,0.600000,0.250000,0.083333,Fair
0.312500,1.000000,0.400000,0.100000,0.400000,0.100000,1.000000,0.000000,0.111111,0.500000,0.333333,0.083333,Fair
0.343750,1.000000,0.636364,0.090909,0.181818,0.090909,0.818182,0.200000,0.000000,0.727273,0.166667,0.083333,Weak
0.593750,1.000000,0.368421,0.368421,0.052632,0.210526,0.894737,0.000000,0.055556,0.736842,0.083333,0.166667,Strong
0.312500,1.000000,0.400000,0.100000,0.400000,0.100000,1.000000,0.000000,0.111111,0.500000,0.333333,0.083333,Fair
0.312500,1.000000,0.400000,0.100000,0.400000,0.100000,1.000000,0.000000,0.111111,0.500000,0.333333,0.083333,Fair
0.375000,1.000000,0.416667,0.166667,0.333333,0.083333,0.666667,0.272727,0.000000,0.583333,0.333333,0.083333,Fair
0.281250,0.378947,0.777778,0.000000,0.222222,0.000000,0.888889,0.000000,0.000000,0.777778,0.166667,0.000000,Weak
0.250000,0.273684,1.000000,0.000000,0.000000,0.000000,0.125000,1.000000,0.000000,1.000000,0.000000,0.000000,Weak
0.281250,1.000000,0.333333,0.111111,0.444444,0.111111,0.888889,0.125000,0.000000,0.444444,0.333333,0.083333,Fair
0.312500,1.000000,0.400000,0.100000,0.400000,0.100000,1.000000,0.000000,0.111111,0.500000,0.333333,0.083333,Fair
0.281250,1.000000,0.555556,0.111111,0.222222,0.111111,1.000000,0.000000,0.125000,0.666667,0.166667,0.083333,Weak
0.187500,0.105263,0.000000,0.000000,1.000000,0.000000,0.166667,1.000000,0.000000,0.000000,0.500000,0.000000,Weak
0.156250,0.378947,0.800000,0.000000,0.200000,0.000000,1.000000,0.000000,0.750000,0.800000,0.083333,0.000000,Weak
0.312500,1.000000,0.400000,0.100000,0.400000,0.100000,0.700000,0.111111,0.444444,0.500000,0.333333,0.083333,Fair
0.281250,0.273684,1.000000,0.000000,0.000000,0.000000,0.111111,1.000000,0.000000,1.000000,0.000000,0.000000,Weak
0.218750,0.378947,0.857143,0.000000,0.142857,0.000000,1.000000,0.000000,0.000000,0.857143,0.083333,0.000000,Weak
0.375000,1.000000,0.416667,0.166667,0.333333,0.083333,0.916667,0.090909,0.090909,0.583333,0.333333,0.083333,Fair
0.312500,1.000000,0.400000,0.100000,0.400000,0.100000,0.800000,0.222222,0.111111,0.500000,0.333333,0.083333,Fair
0.343750,1.000000,0.454545,0.090909,0.363636,0.090909,1.000000,0.000000,0.100000,0.545455,0.333333,0.083333,Fair
0.343750,1.000000,0.363636,0.181818,0.363636,0.090909,0.818182,0.200000,0.200000,0.545455,0.333333,0.083333,Fair
0.812500,1.000000,0.423077,0.269231,0.115385,0.192308,0.769231,0.000000,0.040000,0.692308,0.166667,0.166667,Strong
0.281250,1.000000,0.555556,0.111111,0.222222,0.111111,1.000000,0.000000,0.125000,0.666667,0.166667,0.083333,Weak
0.375000,1.000000,0.500000,0.083333,0.333333,0.083333,0.833333,0.090909,0.181818,0.583333,0.333333,0.083333,Fair
0.312500,1.000000,0.400000,0.100000,0.400000,0.100000,0.900000,0.000000,0.000000,0.500000,0.333333,0.083333,Fair
0.375000,1.000000,0.500000,0.083333,0.333333,0.083333,0.833333,0.090909,0.000000,0.583333,0.333333,0.083333,Fair
0.500000,1.000000,0.437500,0.312500,0.062500,0.187500,0.875000,0.000000,0.133333,0.750000,0.083333,0.083333,Strong
0.375000,1.000000,0.500000,0.083333,0.333333,0.083333,0.833333,0.090909,0.181818,0.583333,0.333333,0.083333,Fair
0.593750,1.000000,0.315789,0.526316,0.105263,0.052632,0.894737,0.000000,0.111111,0.842105,0.083333,0.083333,Strong
0.562500,1.000000,0.444444,0.388889,0.055556,0.111111,0.888889,0.000000,0.000000,0.833333,0.083333,0.083333,Strong
0.312500,1.000000,0.400000,0.100000,0.400000,0.100000,1.000000,0.000000,0.111111,0.500000,0.333333,0.083333,Fair
0.343750,1.000000,0.454545,0.090909,0.363636,0.090909,0.818182,0.200000,0.100000,0.545455,0.333333,0.083333,Fair
0.750000,1.000000,0.458333,0.375000,0.041667,0.125000,0.666667,0.043478,0.043478,0.833333,0.083333,0.083333,Strong
0.500000,1.000000,0.375000,0.250000,0.187500,0.187500,1.000000,0.000000,0.000000,0.625000,0.083333,0.083333,Strong
0.156250,0.105263,0.000000,0.000000,1.000000,0.000000,1.000000,0.000000,1.000000,0.000000,0.416667,0.000000,Weak
0.156250,0.273684,1.000000,0.000000,0.000000,0.000000,0.200000,1.000000,0.000000,1.000000,0.000000,0.000000,Weak
0.375000,1.000000,0.416667,0.166667,0.333333,0.083333,1.000000,0.000000,0.090909,0.583333,0.333333,0.083333,Fair
0.812500,1.000000,0.769231,0.038462,0.076923,0.115385,0.576923,0.040000,0.000000,0.807692,0.166667,0.083333,Strong
0.281250,0.378947,0.777778,0.000000,0.222222,0.000000,0.888889,0.000000,0.000000,0.777778,0.166667,0.000000,Weak
0.406250,1.000000,0.461538,0.153846,0.307692,0.076923,0.846154,0.083333,0.083333,0.615385,0.333333,0.083333,Fair
0.718750,1.000000,0.173913,0.652174,0.086957,0.086957,0.869565,0.000000,0.045455,0.826087,0.083333,0.083333,Strong
0.781250,1.000000,0.760000,0.040000,0.080000,0.120000,0.680000,0.000000,0.000000,0.800000,0.166667,0.083333,Strong
0.562500,1.000000,0.444444,0.333333,0.055556,0.166667,0.888889,0.000000,0.000000,0.777778,0.083333,0.083333,Strong
0.343750,1.000000,0.363636,0.181818,0.363636,0.090909,0.909091,0.000000,0.200000,0.545455,0.333333,0.083333,Fair
0.906250,1.000000,0.793103,0.034483,0.068966,0.103448,0.551724,0.000000,0.035714,0.827586,0.166667,0.083333,Strong
0.343750,1.000000,0.454545,0.090909,0.363636,0.090909,0.909091,0.100000,0.100000,0.545455,0.333333,0.083333,Fair
0.375000,1.000000,0.416667,0.166667,0.333333,0.083333,1.000000,0.000000,0.090909,0.583333,0.333333,0.083333,Fair
0.531250,1.000000,0.470588,0.352941,0.117647,0.058824,0.705882,0.000000,0.000000,0.823529,0.083333,0.083333,Strong
0.812500,1.000000,0.769231,0.038462,0.076923,0.115385,0.653846,0.040000,0.040000,0.807692,0.166667,0.083333,Strong
0.343750,1.000000,0.363636,0.181818,0.363636,0.090909,1.000000,0.000000,0.100000,0.545455,0.333333,0.083333,Fair
0.187500,0.105263,0.000000,0.000000,1.000000,0.000000,0.166667,1.000000,0.000000,0.000000,0.500000,0.000000,Weak
0.937500,1.000000,0.800000,0.033333,0.066667,0.100000,0.566667,0.000000,0.103448,0.833333,0.166667,0.083333,Strong
0.875000,1.000000,0.785714,0.035714,0.071429,0.107143,0.464286,0.037037,0.037037,0.821429,0.166667,0.083333,Strong
0.281250,0.378947,0.777778,0.000000,0.222222,0.000000,0.777778,0.125000,0.000000,0.777778,0.166667,0.000000,Weak
0.812500,1.000000,0.769231,0.038462,0.076923,0.115385,0.615385,0.040000,0.120000,0.807692,0.166667,0.083333,Strong
0.750000,1.000000,0.750000,0.041667,0.083333,0.125000,0.583333,0.000000,0.130435,0.791667,0.166667,0.083333,Strong
0.187500,0.273684,1.000000,0.000000,0.000000,0.000000,0.166667,1.000000,0.000000,1.000000,0.000000,0.000000,Weak
0.406250,1.000000,0.461538,0.153846,0.307692,0.076923,0.846154,0.000000,0.083333,0.615385,0.333333,0.083333,Fair
0.718750,0.652632,0.565217,0.304348,0.130435,0.000000,0.913043,0.000000,0.045455,0.869565,0.083333,0.000000,Strong
0.343750,1.000000,0.454545,0.181818,0.272727,0.090909,0.909091,0.100000,0.000000,0.636364,0.250000,0.083333,Fair
0.343750,1.000000,0.454545,0.090909,0.363636,0.090909,0.636364,0.300000,0.000000,0.545455,0.333333,0.083333,Fair
0.812500,1.000000,0.230769,0.423077,0.115385,0.230769,0.807692,0.040000,0.000000,0.653846,0.166667,0.166667,Strong
0.281250,0.378947,0.777778,0.000000,0.222222,0.000000,0.888889,0.000000,0.000000,0.777778,0.166667,0.000000,Weak
0.281250,1.000000,0.333333,0.111111,0.444444,0.111111,0.888889,0.000000,0.000000,0.444444,0.333333,0.083333,Fair
0.343750,1.000000,0.363636,0.181818,0.363636,0.090909,0.909091,0.100000,0.100000,0.545455,0.333333,0.083333,Fair
0.843750,1.000000,0.777778,0.037037,0.074074,0.111111,0.629630,0.000000,0.115385,0.814815,0.166667,0.083333,Strong
0.812500,1.000000,0.769231,0.038462,0.076923,0.115385,0.615385,0.040000,0.000000,0.807692,0.166667,0.083333,Strong
0.312500,1.000000,0.600000,0.100000,0.200000,0.100000,0.900000,0.000000,0.000000,0.700000,0.166667,0.083333,Weak
0.281250,1.000000,0.444444,0.111111,0.333333,0.111111,0.888889,0.125000,0.000000,0.555556,0.250000,0.083333,Fair
0.375000,1.000000,0.500000,0.083333,0.333333,0.083333,0.916667,0.000000,0.000000,0.583333,0.333333,0.083333,Fair
0.281250,1.000000,0.333333,0.111111,0.444444,0.111111,1.000000,0.000000,0.000000,0.444444,0.333333,0.083333,Fair
0.937500,1.000000,0.800000,0.033333,0.066667,0.100000,0.533333,0.034483,0.068966,0.833333,0.166667,0.083333,Strong
0.750000,1.000000,0.458333,0.291667,0.041667,0.208333,0.958333,0.000000,0.086957,0.750000,0.083333,0.250000,Strong
0.312500,0.105263,0.000000,0.000000,1.000000,0.000000,0.100000,1.000000,0.000000,0.000000,0.833333,0.000000,Weak
0.375000,1.000000,0.416667,0.166667,0.333333,0.083333,0.833333,0.000000,0.090909,0.583333,0.333333,0.083333,Fair
0.656250,1.000000,0.285714,0.476190,0.190476,0.047619,0.809524,0.000000,0.050000,0.761905,0.166667,0.083333,Strong
0.812500,1.000000,0.769231,0.038462,0.076923,0.115385,0.692308,0.000000,0.040000,0.807692,0.166667,0.083333,Strong
0.843750,1.000000,0.777778,0.037037,0.074074,0.111111,0.703704,0.000000,0.000000,0.814815,0.166667,0.083333,Strong
0.250000,0.273684,1.000000,0.000000,0.000000,0.000000,0.125000,1.000000,0.000000,1.000000,0.000000,0.000000,Weak
0.156250,0.105263,0.000000,0.000000,1.000000,0.000000,1.000000,0.000000,1.000000,0.000000,0.416667,0.000000,Weak
0.906250,1.000000,0.793103,0.034483,0.068966,0.103448,0.586207,0.000000,0.035714,0.827586,0.166667,0.083333,Strong
0.812500,1.000000,0.346154,0.307692,0.192308,0.153846,0.846154,0.000000,0.120000,0.653846,0.166667,0.166667,Strong
0.875000,1.000000,0.785714,0.035714,0.071429,0.107143,0.607143,0.000000,0.000000,0.821429,0.166667,0.083333,Strong
0.250000,0.378947,0.750000,0.000000,0.250000,0.000000,1.000000,0.000000,0.142857,0.750000,0.166667,0.000000,Weak
0.937500,1.000000,0.800000,0.033333,0.066667,0.100000,0.633333,0.000000,0.068966,0.833333,0.166667,0.083333,Strong
0.843750,1.000000,0.777778,0.037037,0.074074,0.111111,0.592593,0.038462,0.000000,0.814815,0.166667,0.083333,Strong
0.656250,1.000000,0.476190,0.428571,0.047619,0.047619,0.761905,0.050000,0.000000,0.904762,0.083333,0.083333,Strong
0.312500,1.000000,0.400000,0.100000,0.400000,0.100000,1.000000,0.000000,0.111111,0.500000,0.333333,0.083333,Fair
0.875000,1.000000,0.785714,0.035714,0.071429,0.107143,0.571429,0.037037,0.000000,0.821429,0.166667,0.083333,Strong
0.281250,1.000000,0.555556,0.111111,0.222222,0.111111,0.888889,0.125000,0.000000,0.666667,0.166667,0.083333,Weak
0.343750,1.000000,0.454545,0.090909,0.363636,0.090909,0.818182,0.100000,0.000000,0.545455,0.333333,0.083333,Fair
0.906250,1.000000,0.793103,0.034483,0.068966,0.103448,0.551724,0.035714,0.035714,0.827586,0.166667,0.083333,Strong
0.656250,1.000000,0.428571,0.142857,0.142857,0.285714,0.809524,0.050000,0.000000,0.571429,0.083333,0.166667,Strong
0.375000,1.000000,0.416667,0.166667,0.333333,0.083333,0.833333,0.000000,0.181818,0.583333,0.333333,0.083333,Fair
0.343750,1.000000,0.454545,0.090909,0.363636,0.090909,1.000000,0.000000,0.000000,0.545455,0.333333,0.083333,Fair
0.781250,1.000000,0.320000,0.440000,0.160000,0.080000,1.000000,0.000000,0.000000,0.760000,0.083333,0.083333,Strong
0.343750,1.000000,0.454545,0.090909,0.363636,0.090909,0.909091,0.100000,0.000000,0.545455,0.333333,0.083333,Fair
0.125000,0.105263,0.000000,0.000000,1.000000,0.000000,1.000000,0.000000,0.666667,0.000000,0.333333,0.000000,Weak
0.281250,1.000000,0.555556,0.111111,0.222222,0.111111,0.888889,0.125000,0.000000,0.666667,0.166667,0.083333,Weak
0.375000,1.000000,0.500000,0.083333,0.333333,0.083333,0.833333,0.000000,0.000000,0.583333,0.333333,0.083333,Fair
0.593750,1.000000,0.315789,0.473684,0.105263,0.105263,0.842105,0.000000,0.000000,0.789474,0.083333,0.083333,Strong
0.156250,0.105263,0.000000,0.000000,1.000000,0.000000,1.000000,0.000000,0.750000,0.000000,0.416667,0.000000,Weak
0.843750,1.000000,0.777778,0.037037,0.074074,0.111111,0.666667,0.000000,0.000000,0.814815,0.166667,0.083333,Strong
0.312500,1.000000,0.400000,0.100000,0.400000,0.100000,1.000000,0.000000,0.111111,0.500000,0.333333,0.083333,Fair
0.593750,1.000000,0.157895,0.631579,0.052632,0.157895,0.789474,0.000000,0.055556,0.789474,0.083333,0.083333,Strong
0.343750,1.000000,0.454545,0.090909,0.363636,0.090909,1.000000,0.000000,0.000000,0.545455,0.333333,0.083333,Fair
0.281250,1.000000,0.555556,0.111111,0.222222,0.111111,1.000000,0.000000,0.000000,0.666667,0.166667,0.083333,Weak
0.843750,1.000000,0.777778,0.037037,0.074074,0.111111,0.666667,0.038462,0.076923,0.814815,0.166667,0.083333,Strong
0.343750,1.000000,0.454545,0.090909,0.363636,0.090909,1.000000,0.000000,0.000000,0.545455,0.333333,0.083333,Fair
0.312500,0.273684,1.000000,0.000000,0.000000,0.000000,0.100000,1.000000,0.000000,1.000000,0.000000,0.000000,Weak
0.312500,0.378947,0.800000,0.000000,0.200000,0.000000,0.900000,0.111111,0.000000,0.800000,0.166667,0.000000,Weak
0.593750,1.000000,0.578947,0.263158,0.052632,0.105263,0.842105,0.000000,0.000000,0.842105,0.083333,0.083333,Strong
0.750000,1.000000,0.750000,0.041667,0.083333,0.125000,0.625000,0.000000,0.086957,0.791667,0.166667,0.083333,Strong
0.343750,1.000000,0.363636,0.181818,0.363636,0.090909,1.000000,0.000000,0.100000,0.545455,0.333333,0.083333,Fair
0.375000,1.000000,0.500000,0.083333,0.333333,0.083333,0.916667,0.000000,0.090909,0.583333,0.333333,0.083333,Fair
0.312500,1.000000,0.400000,0.200000,0.300000,0.100000,1.000000,0.000000,0.000000,0.600000,0.250000,0.083333,Fair
0.343750,1.000000,0.454545,0.090909,0.363636,0.090909,1.000000,0.000000,0.200000,0.545455,0.333333,0.083333,Fair
0.812500,1.000000,0.769231,0.038462,0.076923,0.115385,0.653846,0.040000,0.080000,0.807692,0.166667,0.083333,Strong
0.875000,1.000000,0.785714,0.035714,0.071429,0.107143,0.571429,0.000000,0.037037,0.821429,0.166667,0.083333,Strong
0.281250,0.378947,0.777778,0.000000,0.222222,0.000000,0.888889,0.000000,0.000000,0.777778,0.166667,0.000000,Weak
0.156250,0.378947,0.800000,0.000000,0.200000,0.000000,1.000000,0.000000,0.750000,0.800000,0.083333,0.000000,Weak
0.343750,1.000000,0.454545,0.090909,0.363636,0.090909,0.909091,0.000000,0.300000,0.545455,0.333333,0.083333,Fair
0.750000,1.000000,0.375000,0.333333,0.083333,0.208333,0.875000,0.000000,0.000000,0.708333,0.083333,0.166667,Strong
0.625000,1.000000,0.450000,0.350000,0.050000,0.150000,0.850000,0.000000,0.000000,0.800000,0.083333,0.166667,Strong
0.343750,1.000000,0.363636,0.181818,0.363636,0.090909,1.000000,0.000000,0.000000,0.545455,0.333333,0.083333,Fair
0.312500,1.000000,0.400000,0.100000,0.400000,0.100000,1.000000,0.000000,0.111111,0.500000,0.333333,0.083333,Fair
0.312500,1.000000,0.400000,0.100000,0.400000,0.100000,0.900000,0.000000,0.444444,0.500000,0.333333,0.083333,Fair
0.906250,1.000000,0.793103,0.034483,0.068966,0.103448,0.586207,0.000000,0.000000,0.827586,0.166667,0.083333,Strong
0.125000,0.105263,0.000000,0.000000,1.000000,0.000000,0.250000,1.000000,0.000000,0.000000,0.333333,0.000000,Weak
0.312500,1.000000,0.400000,0.100000,0.400000,0.100000,0.800000,0.000000,0.333333,0.500000,0.333333,0.083333,Fair
0.750000,1.000000,0.750000,0.041667,0.083333,0.125000,0.666667,0.000000,0.086957,0.791667,0.166667,0.083333,Strong
0.312500,1.000000,0.600000,0.100000,0.200000,0.100000,0.900000,0.000000,0.111111,0.700000,0.166667,0.083333,Weak
0.593750,0.652632,0.631579,0.315789,0.052632,0.000000,0.736842,0.000000,0.000000,0.947368,0.083333,0.000000,Strong
0.281250,1.000000,0.555556,0.111111,0.222222,0.111111,1.000000,0.000000,0.125000,0.666667,0.166667,0.083333,Weak
0.812500,1.000000,0.769231,0.038462,0.076923,0.115385,0.615385,0.000000,0.000000,0.807692,0.166667,0.083333,Strong
0.312500,1.000000,0.600000,0.100000,0.200000,0.100000,0.900000,0.000000,0.000000,0.700000,0.166667,0.083333,Weak
0.343750,1.000000,0.454545,0.090909,0.363636,0.090909,1.000000,0.000000,0.000000,0.545455,0.333333,0.083333,Fair
0.156250,0.105263,0.000000,0.000000,1.000000,0.000000,1.000000,0.000000,1.000000,0.000000,0.416667,0.000000,Weak
0.218750,0.378947,0.857143,0.000000,0.142857,0.000000,1.000000,0.000000,0.000000,0.857143,0.083333,0.000000,Weak
0.656250,1.000000,0.428571,0.333333,0.142857,0.095238,0.952381,0.000000,0.000000,0.761905,0.083333,0.083333,Strong
0.156250,0.105263,0.000000,0.000000,1.000000,0.000000,1.000000,0.000000,0.750000,0.000000,0.416667,0.000000,Weak
0.937500,1.000000,0.800000,0.033333,0.066667,0.100000,0.633333,0.034483,0.034483,0.833333,0.166667,0.083333,Strong
0.375000,1.000000,0.416667,0.166667,0.333333,0.083333,1.000000,0.000000,0.090909,0.583333,0.333333,0.083333,Fair
0.281250,1.000000,0.555556,0.111111,0.222222,0.111111,0.888889,0.125000,0.000000,0.666667,0.166667,0.083333,Weak
0.343750,1.000000,0.454545,0.090909,0.363636,0.090909,0.909091,0.000000,0.000000,0.545455,0.333333,0.083333,Fair
0.125000,0.105263,0.000000,0.000000,1.000000,0.000000,0.750000,0.000000,0.666667,0.000000,0.333333,0.000000,Weak
0.406250,1.000000,0.461538,0.153846,0.307692,0.076923,0.769231,0.000000,0.083333,0.615385,0.333333,0.083333,Fair
0.281250,0.378947,0.777778,0.000000,0.222222,0.000000,0.888889,0.000000,0.000000,0.777778,0.166667,0.000000,Weak
0.343750,1.000000,0.454545,0.090909,0.363636,0.090909,0.818182,0.100000,0.000000,0.545455,0.333333,0.083333,Fair
0.656250,1.000000,0.380952,0.476190,0.095238,0.047619,0.952381,0.000000,0.000000,0.857143,0.083333,0.083333,Strong
0.875000,1.000000,0.785714,0.035714,0.071429,0.107143,0.571429,0.000000,0.000000,0.821429,0.166667,0.083333,Strong
0.281250,0.378947,0.777778,0.000000,0.222222,0.000000,0.888889,0.000000,0.125000,0.777778,0.166667,0.000000,Weak
0.875000,1.000000,0.785714,0.035714,0.071429,0.107143,0.607143,0.074074,0.074074,0.821429,0.166667,0.083333,Strong
0.156250,0.273684,1.000000,0.000000,0.000000,0.000000,0.200000,1.000000,0.000000,1.000000,0.000000,0.000000,Weak
0.500000,1.000000,0.437500,0.375000,0.125000,0.062500,0.875000,0.000000,0.066667,0.812500,0.083333,0.083333,Strong
0.250000,0.378947,0.750000,0.000000,0.250000,0.000000,1.000000,0.000000,0.000000,0.750000,0.166667,0.000000,Weak
0.500000,1.000000,0.312500,0.437500,0.187500,0.062500,0.812500,0.066667,0.000000,0.750000,0.250000,0.083333,Strong
0.375000,1.000000,0.416667,0.166667,0.333333,0.083333,0.916667,0.090909,0.090909,0.583333,0.333333,0.083333,Fair
0.218750,0.105263,0.000000,0.000000,1.000000,0.000000,0.142857,1.000000,0.000000,0.000000,0.583333,0.000000,Weak
0.281250,1.000000,0.555556,0.111111,0.222222,0.111111,0.888889,0.125000,0.000000,0.666667,0.166667,0.083333,Weak
0.156250,0.378947,0.800000,0.000000,0.200000,0.000000,1.000000,0.000000,0.750000,0.800000,0.083333,0.000000,Weak
0.343750,1.000000,0.454545,0.090909,0.363636,0.090909,0.818182,0.100000,0.100000,0.545455,0.333333,0.083333,Fair
0.500000,0.894737,0.375000,0.500000,0.000000,0.125000,0.937500,0.000000,0.066667,0.875000,0.000000,0.083333,Strong
0.781250,1.000000,0.760000,0.040000,0.080000,0.120000,0.600000,0.041667,0.000000,0.800000,0.166667,0.083333,Strong
0.593750,1.000000,0.315789,0.368421,0.105263,0.210526,0.789474,0.000000,0.000000,0.684211,0.083333,0.166667,Strong
0.843750,1.000000,0.777778,0.037037,0.074074,0.111111,0.629630,0.000000,0.000000,0.814815,0.166667,0.083333,Strong
0.281250,0.273684,1.000000,0.000000,0.000000,0.000000,0.111111,1.000000,0.000000,1.000000,0.000000,0.000000,Weak
0.312500,0.378947,0.800000,0.000000,0.200000,0.000000,0.800000,0.222222,0.000000,0.800000,0.166667,0.000000,Weak
0.343750,1.000000,0.363636,0.181818,0.363636,0.090909,1.000000,0.000000,0.000000,0.545455,0.333333,0.083333,Fair
0.750000,1.000000,0.333333,0.375000,0.125000,0.166667,0.875000,0.000000,0.000000,0.708333,0.083333,0.083333,Strong
0.343750,1.000000,0.454545,0.181818,0.272727,0.090909,0.909091,0.000000,0.100000,0.636364,0.250000,0.083333,Fair
0.125000,0.105263,0.000000,0.000000,1.000000,0.000000,0.250000,1.000000,0.000000,0.000000,0.333333,0.000000,Weak
0.281250,1.000000,0.555556,0.111111,0.222222,0.111111,0.888889,0.125000,0.125000,0.666667,0.166667,0.083333,Weak
0.656250,1.000000,0.380952,0.238095,0.238095,0.142857,0.952381,0.000000,0.000000,0.619048,0.166667,0.166667,Strong
0.250000,0.378947,0.750000,0.000000,0.250000,0.000000,1.000000,0.000000,0.000000,0.750000,0.166667,0.000000,Weak
0.625000,1.000000,0.350000,0.400000,0.200000,0.050000,0.900000,0.000000,0.000000,0.750000,0.083333,0.083333,Strong
0.312500,1.000000,0.400000,0.100000,0.400000,0.100000,0.800000,0.000000,0.333333,0.500000,0.333333,0.083333,Fair
0.312500,0.105263,0.000000,0.000000,1.000000,0.000000,0.100000,1.000000,0.000000,0.000000,0.833333,0.000000,Weak
0.343750,1.000000,0.636364,0.090909,0.181818,0.090909,0.909091,0.100000,0.000000,0.727273,0.166667,0.083333,Weak
0.812500,1.000000,0.769231,0.038462,0.076923,0.115385,0.653846,0.040000,0.040000,0.807692,0.166667,0.083333,Strong
0.812500,1.000000,0.769231,0.038462,0.076923,0.115385,0.653846,0.000000,0.080000,0.807692,0.166667,0.083333,Strong
0.156250,0.378947,0.800000,0.000000,0.200000,0.000000,1.000000,0.000000,0.750000,0.800000,0.083333,0.000000,Weak
0.218750,0.378947,0.857143,0.000000,0.142857,0.000000,1.000000,0.000000,0.000000,0.857143,0.083333,0.000000,Weak
0.375000,1.000000,0.500000,0.083333,0.333333,0.083333,0.916667,0.090909,0.090909,0.583333,0.333333,0.083333,Fair
0.718750,1.000000,0.565217,0.260870,0.043478,0.130435,0.913043,0.000000,0.000000,0.826087,0.083333,0.083333,Strong
0.343750,1.000000,0.636364,0.090909,0.181818,0.090909,0.909091,0.100000,0.000000,0.727273,0.166667,0.083333,Weak
0.312500,0.378947,0.800000,0.000000,0.200000,0.000000,0.900000,0.111111,0.111111,0.800000,0.166667,0.000000,Weak
0.781250,1.000000,0.280000,0.520000,0.080000,0.120000,0.880000,0.000000,0.083333,0.800000,0.083333,0.083333,Strong
0.750000,1.000000,0.750000,0.041667,0.083333,0.125000,0.708333,0.043478,0.000000,0.791667,0.166667,0.083333,Strong
0.125000,0.273684,1.000000,0.000000,0.000000,0.000000,0.250000,1.000000,0.000000,1.000000,0.000000,0.000000,Weak
0.500000,1.000000,0.375000,0.312500,0.250000,0.062500,0.937500,0.000000,0.066667,0.687500,0.166667,0.083333,Strong
0.281250,1.000000,0.555556,0.111111,0.222222,0.111111,1.000000,0.000000,0.000000,0.666667,0.166667,0.083333,Weak
0.375000,1.000000,0.500000,0.083333,0.333333,0.083333,0.833333,0.090909,0.181818,0.583333,0.333333,0.083333,Fair
0.125000,0.105263,0.000000,0.000000,1.000000,0.000000,1.000000,0.000000,0.666667,0.000000,0.333333,0.000000,Weak
0.312500,1.000000,0.400000,0.100000,0.400000,0.100000,1.000000,0.000000,0.000000,0.500000,0.333333,0.083333,Fair
0.343750,1.000000,0.363636,0.181818,0.363636,0.090909,0.909091,0.000000,0.200000,0.545455,0.333333,0.083333,Fair
0.375000,1.000000,0.416667,0.166667,0.333333,0.083333,0.916667,0.000000,0.181818,0.583333,0.333333,0.083333,Fair
0.156250,0.273684,1.000000,0.000000,0.000000,0.000000,0.200000,1.000000,0.000000,1.000000,0.000000,0.000000,Weak
0.281250,1.000000,0.333333,0.111111,0.444444,0.111111,0.888889,0.000000,0.000000,0.444444,0.333333,0.083333,Fair
0.906250,1.000000,0.793103,0.034483,0.068966,0.103448,0.482759,0.035714,0.035714,0.827586,0.166667,0.083333,Strong
0.625000,1.000000,0.450000,0.400000,0.100000,0.050000,0.900000,0.000000,0.052632,0.850000,0.083333,0.083333,Strong
0.156250,0.378947,0.800000,0.000000,0.200000,0.000000,1.000000,0.000000,0.750000,0.800000,0.083333,0.000000,Weak
0.312500,1.000000,0.400000,0.100000,0.400000,0.100000,1.000000,0.000000,0.000000,0.500000,0.333333,0.083333,Fair
0.218750,0.378947,0.857143,0.000000,0.142857,0.000000,1.000000,0.000000,0.000000,0.857143,0.083333,0.000000,Weak
0.312500,1.000000,0.400000,0.100000,0.400000,0.100000,0.800000,0.111111,0.222222,0.500000,0.333333,0.083333,Fair
0.343750,1.000000,0.454545,0.090909,0.363636,0.090909,0.909091,0.100000,0.100000,0.545455,0.333333,0.083333,Fair
0.343750,1.000000,0.454545,0.090909,0.363636,0.090909,1.000000,0.000000,0.000000,0.545455,0.333333,0.083333,Fair
0.156250,0.378947,0.800000,0.000000,0.200000,0.000000,1.000000,0.000000,0.750000,0.800000,0.083333,0.000000,Weak
0.281250,1.000000,0.444444,0.111111,0.333333,0.111111,1.000000,0.000000,0.000000,0.555556,0.250000,0.083333,Fair
0.656250,1.000000,0.428571,0.380952,0.095238,0.095238,0.952381,0.000000,0.000000,0.809524,0.083333,0.083333,Strong
0.187500,0.273684,1.000000,0.000000,0.000000,0.000000,0.166667,1.000000,0.000000,1.000000,0.000000,0.000000,Weak
0.281250,1.000000,0.333333,0.111111,0.444444,0.111111,1.000000,0.000000,0.000000,0.444444,0.333333,0.083333,Fair
0.718750,1.000000,0.260870,0.434783,0.217391,0.086957,0.869565,0.000000,0.045455,0.695652,0.083333,0.083333,Strong
0.718750,1.000000,0.391304,0.260870,0.217391,0.130435,0.869565,0.000000,0.090909,0.652174,0.083333,0.083333,Strong
0.593750,0.894737,0.526316,0.421053,0.000000,0.052632,0.789474,0.055556,0.000000,0.947368,0.000000,0.083333,Strong
0.937500,1.000000,0.800000,0.033333,0.066667,0.100000,0.633333,0.000000,0.034483,0.833333,0.166667,0.083333,Strong
0.718750,1.000000,0.521739,0.347826,0.043478,0.086957,0.869565,0.000000,0.000000,0.869565,0.083333,0.083333,Strong
0.750000,0.652632,0.458333,0.416667,0.125000,0.000000,0.916667,0.000000,0.043478,0.875000,0.083333,0.000000,Strong
0.250000,0.378947,0.750000,0.000000,0.250000,0.000000,1.000000,0.000000,0.000000,0.750000,0.166667,0.000000,Weak
0.750000,1.000000,0.250000,0.416667,0.166667,0.166667,0.791667,0.000000,0.000000,0.666667,0.166667,0.083333,Strong
0.281250,0.105263,0.000000,0.000000,1.000000,0.000000,0.111111,1.000000,0.000000,0.000000,0.750000,0.000000,Weak
0.812500,1.000000,0.423077,0.384615,0.153846,0.038462,0.884615,0.000000,0.040000,0.807692,0.083333,0.083333,Strong
0.812500,1.000000,0.769231,0.038462,0.076923,0.115385,0.653846,0.040000,0.000000,0.807692,0.166667,0.083333,Strong
0.281250,0.378947,0.777778,0.000000,0.222222,0.000000,0.888889,0.000000,0.000000,0.777778,0.166667,0.000000,Weak
0.312500,1.000000,0.400000,0.100000,0.400000,0.100000,1.000000,0.000000,0.000000,0.500000,0.333333,0.083333,Fair
0.906250,1.000000,0.793103,0.034483,0.068966,0.103448,0.586207,0.035714,0.071429,0.827586,0.166667,0.083333,Strong
0.343750,1.000000,0.363636,0.181818,0.363636,0.090909,0.909091,0.100000,0.000000,0.545455,0.333333,0.083333,Fair
0.156250,0.378947,0.800000,0.000000,0.200000,0.000000,1.000000,0.000000,0.750000,0.800000,0.083333,0.000000,Weak
0.250000,0.273684,1.000000,0.000000,0.000000,0.000000,0.125000,1.000000,0.000000,1.000000,0.000000,0.000000,Weak
0.187500,0.105263,0.000000,0.000000,1.000000,0.000000,0.166667,1.000000,0.000000,0.000000,0.500000,0.000000,Weak
0.812500,1.000000,0.769231,0.038462,0.076923,0.115385,0.538462,0.000000,0.000000,0.807692,0.166667,0.083333,Strong
0.750000,1.000000,0.333333,0.500000,0.083333,0.083333,0.833333,0.000000,0.000000,0.833333,0.083333,0.083333,Strong
0.218750,0.378947,0.857143,0.000000,0.142857,0.000000,1.000000,0.000000,0.000000,0.857143,0.083333,0.000000,Weak
0.343750,1.000000,0.636364,0.090909,0.181818,0.090909,0.909091,0.100000,0.000000,0.727273,0.166667,0.083333,Weak
0.125000,0.105263,0.000000,0.000000,1.000000,0.000000,1.000000,0.000000,0.666667,0.000000,0.333333,0.000000,Weak
0.281250,0.273684,1.000000,0.000000,0.000000,0.000000,0.111111,1.000000,0.000000,1.000000,0.000000,0.000000,Weak
0.218750,0.378947,0.857143,0.000000,0.142857,0.000000,1.000000,0.000000,0.000000,0.857143,0.083333,0.000000,Weak
0.406250,1.000000,0.461538,0.153846,0.307692,0.076923,0.769231,0.083333,0.000000,0.615385,0.333333,0.083333,Fair
0.281250,1.000000,0.555556,0.111111,0.222222,0.111111,1.000000,0.000000,0.125000,0.666667,0.166667,0.083333,Weak
0.500000,1.000000,0.250000,0.437500,0.125000,0.187500,0.937500,0.000000,0.066667,0.687500,0.166667,0.083333,Strong
0.281250,0.378947,0.777778,0.000000,0.222222,0.000000,0.888889,0.000000,0.000000,0.777778,0.166667,0.000000,Weak
0.343750,1.000000,0.363636,0.181818,0.363636,0.090909,1.000000,0.000000,0.100000,0.545455,0.333333,0.083333,Fair
0.312500,1.000000,0.400000,0.100000,0.400000,0.100000,1.000000,0.000000,0.111111,0.500000,0.333333,0.083333,Fair
0.312500,1.000000,0.400000,0.100000,0.400000,0.100000,0.900000,0.000000,0.000000,0.500000,0.333333,0.083333,Fair
0.281250,1.000000,0.555556,0.111111,0.222222,0.111111,1.000000,0.000000,0.125000,0.666667,0.166667,0.083333,Weak
0.812500,1.000000,0.423077,0.346154,0.115385,0.115385,0.923077,0.000000,0.000000,0.769231,0.083333,0.166667,Strong
0.343750,1.000000,0.454545,0.090909,0.363636,0.090909,0.818182,0.100000,0.100000,0.545455,0.333333,0.083333,Fair
0.312500,1.000000,0.600000,0.100000,0.200000,0.100000,0.900000,0.000000,0.111111,0.700000,0.166667,0.083333,Weak
0.312500,1.000000,0.500000,0.100000,0.300000,0.100000,1.000000,0.000000,0.111111,0.600000,0.250000,0.083333,Fair
0.937500,1.000000,0.800000,0.033333,0.066667,0.100000,0.533333,0.000000,0.000000,0.833333,0.166667,0.083333,Strong
0.281250,1.000000,0.555556,0.111111,0.222222,0.111111,1.000000,0.000000,0.125000,0.666667,0.166667,0.083333,Weak
0.625000,1.000000,0.500000,0.300000,0.150000,0.050000,0.800000,0.000000,0.052632,0.800000,0.083333,0.083333,Strong
0.125000,0.105263,0.000000,0.000000,1.000000,0.000000,0.750000,0.000000,1.000000,0.000000,0.333333,0.000000,Weak
0.375000,1.000000,0.416667,0.166667,0.333333,0.083333,0.833333,0.090909,0.000000,0.583333,0.333333,0.083333,Fair
0.406250,1.000000,0.461538,0.153846,0.307692,0.076923,1.000000,0.000000,0.083333,0.615385,0.333333,0.083333,Fair
0.250000,0.273684,1.000000,0.000000,0.000000,0.000000,0.125000,1.000000,0.000000,1.000000,0.000000,0.000000,Weak
0.312500,1.000000,0.400000,0.100000,0.400000,0.100000,0.900000,0.000000,0.111111,0.500000,0.333333,0.083333,Fair
0.312500,1.000000,0.300000,0.200000,0.400000,0.100000,1.000000,0.000000,0.000000,0.500000,0.333333,0.083333,Fair
0.781250,1.000000,0.760000,0.040000,0.080000,0.120000,0.680000,0.000000,0.000000,0.800000,0.166667,0.083333,Strong
0.343750,1.000000,0.454545,0.181818,0.272727,0.090909,1.000000,0.000000,0.100000,0.636364,0.250000,0.083333,Fair
0.218750,0.273684,1.000000,0.000000,0.000000,0.000000,0.142857,1.000000,0.000000,1.000000,0.000000,0.000000,Weak
0.343750,1.000000,0.363636,0.181818,0.363636,0.090909,1.000000,0.000000,0.100000,0.545455,0.333333,0.083333,Fair
0.156250,0.105263,0.000000,0.000000,1.000000,0.000000,0.200000,1.000000,0.000000,0.000000,0.416667,0.000000,Weak
0.218750,0.378947,0.857143,0.000000,0.142857,0.000000,1.000000,0.000000,0.166667,0.857143,0.083333,0.000000,Weak
0.312500,1.000000,0.400000,0.100000,0.400000,0.100000,1.000000,0.000000,0.222222,0.500000,0.333333,0.083333,Fair
0.781250,1.000000,0.360000,0.400000,0.120000,0.120000,0.880000,0.000000,0.083333,0.760000,0.083333,0.166667,Strong
0.531250,1.000000,0.470588,0.352941,0.117647,0.058824,0.823529,0.062500,0.125000,0.823529,0.083333,0.083333,Strong
0.343750,1.000000,0.454545,0.090909,0.363636,0.090909,0.909091,0.000000,0.000000,0.545455,0.333333,0.083333,Fair
0.312500,1.000000,0.400000,0.100000,0.400000,0.100000,0.900000,0.000000,0.222222,0.500000,0.333333,0.083333,Fair
0.375000,1.000000,0.416667,0.166667,0.333333,0.083333,1.000000,0.000000,0.090909,0.583333,0.333333,0.083333,Fair
0.281250,1.000000,0.333333,0.111111,0.444444,0.111111,0.888889,0.000000,0.000000,0.444444,0.333333,0.083333,Fair
0.343750,1.000000,0.454545,0.181818,0.272727,0.090909,1.000000,0.000000,0.000000,0.636364,0.250000,0.083333,Fair
0.593750,1.000000,0.368421,0.368421,0.105263,0.157895,0.947368,0.000000,0.055556,0.736842,0.083333,0.083333,Strong
0.687500,0.894737,0.318182,0.590909,0.000000,0.090909,0.818182,0.000000,0.142857,0.909091,0.000000,0.083333,Strong
0.250000,0.378947,0.750000,0.000000,0.250000,0.000000,0.875000,0.142857,0.000000,0.750000,0.166667,0.000000,Weak
0.250000,0.378947,0.750000,0.000000,0.250000,0.000000,0.875000,0.142857,0.000000,0.750000,0.166667,0.000000,Weak
0.343750,1.000000,0.454545,0.090909,0.363636,0.090909,0.909091,0.100000,0.000000,0.545455,0.333333,0.083333,Fair
0.312500,1.000000,0.400000,0.100000,0.400000,0.100000,0.900000,0.000000,0.111111,0.500000,0.333333,0.083333,Fair
0.312500,1.000000,0.400000,0.100000,0.400000,0.100000,0.900000,0.111111,0.000000,0.500000,0.333333,0.083333,Fair
0.812500,1.000000,0.769231,0.038462,0.076923,0.115385,0.653846,0.000000,0.000000,0.807692,0.166667,0.083333,Strong
0.875000,1.000000,0.785714,0.035714,0.071429,0.107143,0.571429,0.000000,0.037037,0.821429,0.166667,0.083333,Strong
0.375000,1.000000,0.500000,0.083333,0.333333,0.083333,0.833333,0.090909,0.000000,0.583333,0.333333,0.083333,Fair
0.906250,1.000000,0.793103,0.034483,0.068966,0.103448,0.517241,0.035714,0.071429,0.827586,0.166667,0.083333,Strong
0.343750,1.000000,0.454545,0.090909,0.363636,0.090909,0.909091,0.100000,0.100000,0.545455,0.333333,0.083333,Fair
0.375000,1.000000,0.500000,0.083333,0.333333,0.083333,0.916667,0.090909,0.000000,0.583333,0.333333,0.083333,Fair
0.875000,1.000000,0.785714,0.035714,0.071429,0.107143,0.571429,0.000000,0.148148,0.821429,0.166667,0.083333,Strong
0.781250,1.000000,0.760000,0.040000,0.080000,0.120000,0.720000,0.000000,0.041667,0.800000,0.166667,0.083333,Strong
0.562500,1.000000,0.277778,0.611111,0.055556,0.055556,0.944444,0.000000,0.058824,0.888889,0.083333,0.083333,Strong
0.343750,1.000000,0.454545,0.090909,0.363636,0.090909,1.000000,0.000000,0.000000,0.545455,0.333333,0.083333,Fair
0.343750,1.000000,0.363636,0.181818,0.363636,0.090909,0.909091,0.000000,0.300000,0.545455,0.333333,0.083333,Fair
0.812500,1.000000,0.769231,0.038462,0.076923,0.115385,0.653846,0.040000,0.000000,0.807692,0.166667,0.083333,Strong
0.656250,1.000000,0.428571,0.428571,0.095238,0.047619,0.809524,0.000000,0.050000,0.857143,0.083333,0.083333,Strong
0.343750,1.000000,0.454545,0.090909,0.363636,0.090909,1.000000,0.000000,0.200000,0.545455,0.333333,0.083333,Fair
0.312500,1.000000,0.400000,0.100000,0.400000,0.100000,0.900000,0.111111,0.000000,0.500000,0.333333,0.083333,Fair
0.625000,0.652632,0.550000,0.350000,0.100000,0.000000,0.800000,0.000000,0.105263,0.900000,0.083333,0.000000,Strong
0.312500,1.000000,0.600000,0.100000,0.200000,0.100000,0.900000,0.000000,0.111111,0.700000,0.166667,0.083333,Weak
0.375000,1.000000,0.416667,0.166667,0.333333,0.083333,0.916667,0.090909,0.090909,0.583333,0.333333,0.083333,Fair
0.843750,1.000000,0.777778,0.037037,0.074074,0.111111,0.629630,0.038462,0.038462,0.814815,0.166667,0.083333,Strong
0.250000,0.378947,0.750000,0.000000,0.250000,0.000000,1.000000,0.000000,0.000000,0.750000,0.166667,0.000000,Weak
0.812500,1.000000,0.769231,0.038462,0.076923,0.115385,0.615385,0.040000,0.080000,0.807692,0.166667,0.083333,Strong
0.156250,0.273684,1.000000,0.000000,0.000000,0.000000,0.200000,1.000000,0.000000,1.000000,0.000000,0.000000,Weak
0.343750,1.000000,0.636364,0.090909,0.181818,0.090909,0.909091,0.100000,0.000000,0.727273,0.166667,0.083333,Weak
0.343750,1.000000,0.363636,0.181818,0.363636,0.090909,0.909091,0.100000,0.000000,0.545455,0.333333,0.083333,Fair
0.156250,0.378947,0.800000,0.000000,0.200000,0.000000,1.000000,0.000000,0.750000,0.800000,0.083333,0.000000,Weak
0.187500,0.105263,0.000000,0.000000,1.000000,0.000000,0.166667,1.000000,0.000000,0.000000,0.500000,0.000000,Weak
0.343750,1.000000,0.636364,0.090909,0.181818,0.090909,0.909091,0.100000,0.100000,0.727273,0.166667,0.083333,Weak
0.281250,1.000000,0.555556,0.111111,0.222222,0.111111,1.000000,0.000000,0.125000,0.666667,0.166667,0.083333,Weak
0.312500,1.000000,0.400000,0.100000,0.400000,0.100000,0.800000,0.000000,0.000000,0.500000,0.333333,0.083333,Fair
0.312500,1.000000,0.400000,0.100000,0.400000,0.100000,1.000000,0.000000,0.000000,0.500000,0.333333,0.083333,Fair
0.250000,0.378947,0.750000,0.000000,0.250000,0.000000,0.875000,0.142857,0.142857,0.750000,0.166667,0.000000,Weak
0.906250,1.000000,0.793103,0.034483,0.068966,0.103448,0.448276,0.071429,0.000000,0.827586,0.166667,0.083333,Strong
0.812500,1.000000,0.769231,0.038462,0.076923,0.115385,0.692308,0.000000,0.080000,0.807692,0.166667,0.083333,Strong
0.281250,0.378947,0.777778,0.000000,0.222222,0.000000,0.888889,0.000000,0.000000,0.777778,0.166667,0.000000,Weak
0.781250,1.000000,0.760000,0.040000,0.080000,0.120000,0.520000,0.041667,0.000000,0.800000,0.166667,0.083333,Strong
0.375000,1.000000,0.500000,0.083333,0.333333,0.083333,0.833333,0.090909,0.090909,0.583333,0.333333,0.083333,Fair
0.875000,1.000000,0.785714,0.035714,0.071429,0.107143,0.571429,0.000000,0.037037,0.821429,0.166667,0.083333,Strong
0.343750,1.000000,0.454545,0.090909,0.363636,0.090909,1.000000,0.000000,0.000000,0.545455,0.333333,0.083333,Fair
0.312500,1.000000,0.600000,0.100000,0.200000,0.100000,0.900000,0.000000,0.111111,0.700000,0.166667,0.083333,Weak
0.281250,1.000000,0.333333,0.111111,0.444444,0.111111,1.000000,0.000000,0.000000,0.444444,0.333333,0.083333,Fair
0.281250,1.000000,0.555556,0.111111,0.222222,0.111111,1.000000,0.000000,0.125000,0.666667,0.166667,0.083333,Weak
0.562500,1.000000,0.555556,0.333333,0.055556,0.055556,0.944444,0.000000,0.058824,0.888889,0.083333,0.083333,Strong
0.343750,1.000000,0.454545,0.090909,0.363636,0.090909,1.000000,0.000000,0.100000,0.545455,0.333333,0.083333,Fair
0.687500,1.000000,0.318182,0.181818,0.090909,0.409091,0.727273,0.047619,0.000000,0.500000,0.083333,0.416667,Strong
0.312500,0.273684,1.000000,0.000000,0.000000,0.000000,0.100000,1.000000,0.000000,1.000000,0.000000,0.000000,Weak
0.156250,0.105263,0.000000,0.000000,1.000000,0.000000,0.800000,0.000000,0.750000,0.000000,0.416667,0.000000,Weak
0.812500,1.000000,0.384615,0.461538,0.115385,0.038462,0.884615,0.000000,0.040000,0.846154,0.083333,0.083333,Strong
0.281250,0.105263,0.000000,0.000000,1.000000,0.000000,0.111111,1.000000,0.000000,0.000000,0.750000,0.000000,Weak
0.343750,1.000000,0.454545,0.090909,0.363636,0.090909,0.727273,0.100000,0.100000,0.545455,0.333333,0.083333,Fair
0.343750,1.000000,0.454545,0.090909,0.363636,0.090909,0.818182,0.100000,0.100000,0.545455,0.333333,0.083333,Fair
0.250000,0.378947,0.750000,0.000000,0.250000,0.000000,0.875000,0.142857,0.000000,0.750000,0.166667,0.000000,Weak
0.218750,0.378947,0.857143,0.000000,0.142857,0.000000,1.000000,0.000000,0.000000,0.857143,0.083333,0.000000,Weak
0.343750,1.000000,0.363636,0.181818,0.363636,0.090909,1.000000,0.000000,0.000000,0.545455,0.333333,0.083333,Fair
0.656250,1.000000,0.333333,0.380952,0.095238,0.190476,0.809524,0.000000,0.000000,0.714286,0.083333,0.166667,Strong
0.375000,1.000000,0.416667,0.166667,0.333333,0.083333,0.833333,0.000000,0.272727,0.583333,0.333333,0.083333,Fair
0.312500,1.000000,0.400000,0.100000,0.400000,0.100000,0.800000,0.000000,0.555556,0.500000,0.333333,0.083333,Fair
0.375000,1.000000,0.416667,0.166667,0.333333,0.083333,1.000000,0.000000,0.090909,0.583333,0.333333,0.083333,Fair
0.781250,1.000000,0.400000,0.280000,0.280000,0.040000,0.840000,0.041667,0.000000,0.680000,0.333333,0.083333,Strong
0.125000,0.105263,0.000000,0.000000,1.000000,0.000000,0.250000,1.000000,0.000000,0.000000,0.333333,0.000000,Weak
0.875000,1.000000,0.785714,0.035714,0.071429,0.107143,0.642857,0.000000,0.000000,0.821429,0.166667,0.083333,Strong
0.343750,1.000000,0.363636,0.181818,0.363636,0.090909,0.909091,0.100000,0.000000,0.545455,0.333333,0.083333,Fair
0.343750,1.000000,0.454545,0.090909,0.363636,0.090909,0.818182,0.000000,0.000000,0.545455,0.333333,0.083333,Fair
0.156250,0.105263,0.000000,0.000000,1.000000,0.000000,1.000000,0.000000,0.750000,0.000000,0.416667,0.000000,Weak
0.812500,1.000000,0.423077,0.307692,0.115385,0.153846,0.807692,0.000000,0.040000,0.730769,0.083333,0.083333,Strong
0.156250,0.378947,0.800000,0.000000,0.200000,0.000000,1.000000,0.000000,0.750000,0.800000,0.083333,0.000000,Weak
0.812500,1.000000,0.500000,0.346154,0.038462,0.115385,0.884615,0.000000,0.080000,0.846154,0.083333,0.166667,Strong
0.343750,1.000000,0.363636,0.181818,0.363636,0.090909,0.909091,0.100000,0.000000,0.545455,0.333333,0.083333,Fair
0.562500,1.000000,0.444444,0.277778,0.166667,0.111111,0.888889,0.000000,0.058824,0.722222,0.083333,0.083333,Strong
0.312500,1.000000,0.400000,0.100000,0.400000,0.100000,0.900000,0.111111,0.111111,0.500000,0.333333,0.083333,Fair
0.281250,1.000000,0.555556,0.111111,0.222222,0.111111,1.000000,0.000000,0.250000,0.666667,0.166667,0.083333,Weak
0.375000,1.000000,0.500000,0.083333,0.333333,0.083333,0.833333,0.090909,0.090909,0.583333,0.333333,0.083333,Fair
0.593750,1.000000,0.368421,0.421053,0.157895,0.052632,0.894737,0.000000,0.055556,0.789474,0.083333,0.083333,Strong
0.562500,1.000000,0.388889,0.388889,0.055556,0.166667,0.944444,0.000000,0.058824,0.777778,0.083333,0.166667,Strong
0.312500,1.000000,0.400000,0.100000,0.400000,0.100000,1.000000,0.000000,0.000000,0.500000,0.333333,0.083333,Fair
0.250000,0.273684,1.000000,0.000000,0.000000,0.000000,0.125000,1.000000,0.000000,1.000000,0.000000,0.000000,Weak
0.343750,1.000000,0.363636,0.181818,0.363636,0.090909,1.000000,0.000000,0.100000,0.545455,0.333333,0.083333,Fair
0.312500,1.000000,0.500000,0.100000,0.300000,0.100000,0.800000,0.222222,0.000000,0.600000,0.250000,0.083333,Fair
0.281250,1.000000,0.555556,0.111111,0.222222,0.111111,1.000000,0.000000,0.250000,0.666667,0.166667,0.083333,Weak
0.343750,1.000000,0.454545,0.090909,0.363636,0.090909,0.909091,0.100000,0.100000,0.545455,0.333333,0.083333,Fair
0.343750,1.000000,0.454545,0.090909,0.363636,0.090909,0.818182,0.100000,0.100000,0.545455,0.333333,0.083333,Fair
0.875000,1.000000,0.785714,0.035714,0.071429,0.107143,0.500000,0.000000,0.000000,0.821429,0.166667,0.083333,Strong
0.375000,1.000000,0.500000,0.083333,0.333333,0.083333,0.833333,0.090909,0.090909,0.583333,0.333333,0.083333,Fair
0.343750,1.000000,0.454545,0.181818,0.272727,0.090909,1.000000,0.000000,0.100000,0.636364,0.250000,0.083333,Fair
0.156250,0.105263,0.000000,0.000000,1.000000,0.000000,1.000000,0.000000,0.750000,0.000000,0.416667,0.000000,Weak
0.281250,1.000000,0.555556,0.111111,0.222222,0.111111,1.000000,0.000000,0.000000,0.666667,0.166667,0.083333,Weak
0.250000,0.273684,1.000000,0.000000,0.000000,0.000000,0.125000,1.000000,0.000000,1.000000,0.000000,0.000000,Weak
0.375000,1.000000,0.416667,0.166667,0.333333,0.083333,0.916667,0.000000,0.181818,0.583333,0.333333,0.083333,Fair
0.500000,1.000000,0.375000,0.375000,0.187500,0.062500,0.875000,0.000000,0.000000,0.750000,0.083333,0.083333,Strong
0.156250,0.378947,0.800000,0.000000,0.200000,0.000000,1.000000,0.000000,0.750000,0.800000,0.083333,0.000000,Weak
0.781250,1.000000,0.760000,0.040000,0.080000,0.120000,0.720000,0.083333,0.041667,0.800000,0.166667,0.083333,Strong
0.187500,0.273684,1.000000,0.000000,0.000000,0.000000,0.166667,1.000000,0.000000,1.000000,0.000000,0.000000,Weak
0.156250,0.105263,0.000000,0.000000,1.000000,0.000000,1.000000,0.000000,0.750000,0.000000,0.416667,0.000000,Weak
0.375000,1.000000,0.416667,0.166667,0.333333,0.083333,0.916667,0.090909,0.000000,0.583333,0.333333,0.083333,Fair
0.312500,1.000000,0.500000,0.100000,0.300000,0.100000,0.900000,0.111111,0.000000,0.600000,0.250000,0.083333,Fair
0.906250,1.000000,0.793103,0.034483,0.068966,0.103448,0.517241,0.000000,0.071429,0.827586,0.166667,0.083333,Strong
0.343750,1.000000,0.636364,0.090909,0.181818,0.090909,0.818182,0.200000,0.000000,0.727273,0.166667,0.083333,Weak
0.312500,0.273684,1.000000,0.000000,0.000000,0.000000,0.100000,1.000000,0.000000,1.000000,0.000000,0.000000,Weak
0.312500,0.105263,0.000000,0.000000,1.000000,0.000000,0.100000,1.000000,0.000000,0.000000,0.833333,0.000000,Weak
0.156250,0.378947,0.800000,0.000000,0.200000,0.000000,1.000000,0.000000,0.750000,0.800000,0.083333,0.000000,Weak
0.250000,0.378947,0.750000,0.000000,0.250000,0.000000,1.000000,0.000000,0.000000,0.750000,0.166667,0.000000,Weak
0.875000,1.000000,0.785714,0.035714,0.071429,0.107143,0.607143,0.000000,0.000000,0.821429,0.166667,0.083333,Strong
0.812500,1.000000,0.307692,0.423077,0.153846,0.115385,0.884615,0.000000,0.040000,0.730769,0.083333,0.083333,Strong
0.281250,0.105263,0.000000,0.000000,1.000000,0.000000,0.111111,1.000000,0.000000,0.000000,0.750000,0.000000,Weak
0.781250,1.000000,0.360000,0.280000,0.200000,0.160000,0.960000,0.041667,0.166667,0.640000,0.250000,0.083333,Strong
0.312500,1.000000,0.400000,0.100000,0.400000,0.100000,1.000000,0.000000,0.111111,0.500000,0.333333,0.083333,Fair
0.125000,0.105263,0.000000,0.000000,1.000000,0.000000,1.000000,0.000000,0.666667,0.000000,0.333333,0.000000,Weak
0.875000,1.000000,0.785714,0.035714,0.071429,0.107143,0.678571,0.037037,0.000000,0.821429,0.166667,0.083333,Strong
0.250000,0.378947,0.750000,0.000000,0.250000,0.000000,1.000000,0.000000,0.000000,0.750000,0.166667,0.000000,Weak
0.593750,1.000000,0.421053,0.315789,0.157895,0.105263,0.947368,0.000000,0.000000,0.736842,0.166667,0.083333,Strong
0.343750,1.000000,0.363636,0.181818,0.363636,0.090909,0.909091,0.000000,0.100000,0.545455,0.333333,0.083333,Fair
0.375000,1.000000,0.416667,0.166667,0.333333,0.083333,0.750000,0.181818,0.181818,0.583333,0.333333,0.083333,Fair
0.812500,1.000000,0.769231,0.038462,0.076923,0.115385,0.576923,0.000000,0.040000,0.807692,0.166667,0.083333,Strong
0.312500,0.273684,1.000000,0.000000,0.000000,0.000000,0.100000,1.000000,0.000000,1.000000,0.000000,0.000000,Weak
0.687500,0.894737,0.590909,0.363636,0.000000,0.045455,0.954545,0.000000,0.000000,0.954545,0.000000,0.083333,Strong
0.843750,1.000000,0.777778,0.037037,0.074074,0.111111,0.666667,0.038462,0.038462,0.814815,0.166667,0.083333,Strong
0.906250,1.000000,0.793103,0.034483,0.068966,0.103448,0.551724,0.000000,0.035714,0.827586,0.166667,0.083333,Strong
0.718750,1.000000,0.391304,0.260870,0.130435,0.217391,0.782609,0.000000,0.045455,0.652174,0.083333,0.166667,Strong
0.375000,1.000000,0.500000,0.083333,0.333333,0.083333,0.833333,0.090909,0.090909,0.583333,0.333333,0.083333,Fair
0.750000,1.000000,0.375000,0.416667,0.166667,0.041667,0.958333,0.000000,0.043478,0.791667,0.083333,0.083333,Strong
0.531250,1.000000,0.294118,0.411765,0.235294,0.058824,0.705882,0.062500,0.062500,0.705882,0.166667,0.083333,Strong
0.812500,1.000000,0.769231,0.038462,0.076923,0.115385,0.615385,0.000000,0.040000,0.807692,0.166667,0.083333,Strong
0.312500,1.000000,0.400000,0.100000,0.400000,0.100000,1.000000,0.000000,0.000000,0.500000,0.333333,0.083333,Fair
0.250000,0.378947,0.750000,0.000000,0.250000,0.000000,0.875000,0.142857,0.142857,0.750000,0.166667,0.000000,Weak
0.500000,0.652632,0.312500,0.562500,0.125000,0.000000,0.875000,0.066667,0.066667,0.875000,0.083333,0.000000,Strong
0.562500,0.894737,0.388889,0.444444,0.000000,0.166667,0.944444,0.000000,0.235294,0.833333,0.000000,0.166667,Strong
0.156250,0.378947,0.800000,0.000000,0.200000,0.000000,1.000000,0.000000,0.750000,0.800000,0.083333,0.000000,Weak
0.156250,0.105263,0.000000,0.000000,1.000000,0.000000,0.800000,0.250000,0.750000,0.000000,0.416667,0.000000,Weak
0.812500,1.000000,0.384615,0.423077,0.153846,0.038462,0.769231,0.000000,0.040000,0.807692,0.083333,0.083333,Strong
0.343750,1.000000,0.363636,0.181818,0.363636,0.090909,0.909091,0.000000,0.100000,0.545455,0.333333,0.083333,Fair
0.218750,0.105263,0.000000,0.000000,1.000000,0.000000,0.142857,1.000000,0.000000,0.000000,0.583333,0.000000,Weak
0.843750,1.000000,0.777778,0.037037,0.074074,0.111111,0.629630,0.038462,0.000000,0.814815,0.166667,0.083333,Strong
0.750000,1.000000,0.416667,0.291667,0.250000,0.041667,0.916667,0.043478,0.086957,0.708333,0.166667,0.083333,Strong
0.781250,1.000000,0.200000,0.560000,0.160000,0.080000,0.840000,0.041667,0.083333,0.760000,0.083333,0.083333,Strong
0.906250,1.000000,0.793103,0.034483,0.068966,0.103448,0.517241,0.035714,0.071429,0.827586,0.166667,0.083333,Strong
0.375000,1.000000,0.500000,0.083333,0.333333,0.083333,0.833333,0.000000,0.000000,0.583333,0.333333,0.083333,Fair
0.375000,1.000000,0.500000,0.083333,0.333333,0.083333,0.916667,0.000000,0.181818,0.583333,0.333333,0.083333,Fair
0.812500,1.000000,0.769231,0.038462,0.076923,0.115385,0.576923,0.040000,0.000000,0.807692,0.166667,0.083333,Strong
0.375000,1.000000,0.416667,0.166667,0.333333,0.083333,0.833333,0.090909,0.090909,0.583333,0.333333,0.083333,Fair
0.843750,1.000000,0.777778,0.037037,0.074074,0.111111,0.555556,0.038462,0.000000,0.814815,0.166667,0.083333,Strong
0.343750,1.000000,0.363636,0.181818,0.363636,0.090909,0.818182,0.000000,0.000000,0.545455,0.333333,0.083333,Fair
0.375000,1.000000,0.416667,0.166667,0.333333,0.083333,0.916667,0.000000,0.000000,0.583333,0.333333,0.083333,Fair
0.812500,1.000000,0.769231,0.038462,0.076923,0.115385,0.653846,0.080000,0.000000,0.807692,0.166667,0.083333,Strong
0.687500,1.000000,0.454545,0.318182,0.136364,0.090909,0.954545,0.000000,0.047619,0.772727,0.166667,0.083333,Strong
0.250000,0.378947,0.750000,0.000000,0.250000,0.000000,1.000000,0.000000,0.142857,0.750000,0.166667,0.000000,Weak
0.718750,0.652632,0.391304,0.304348,0.304348,0.000000,0.869565,0.000000,0.045455,0.695652,0.166667,0.000000,Strong
0.312500,1.000000,0.400000,0.100000,0.400000,0.100000,0.900000,0.111111,0.000000,0.500000,0.333333,0.083333,Fair
0.531250,0.894737,0.352941,0.352941,0.000000,0.294118,0.823529,0.062500,0.062500,0.705882,0.000000,0.166667,Strong
0.312500,1.000000,0.600000,0.100000,0.200000,0.100000,0.900000,0.000000,0.111111,0.700000,0.166667,0.083333,Weak
0.375000,1.000000,0.500000,0.083333,0.333333,0.083333,0.916667,0.000000,0.090909,0.583333,0.333333,0.083333,Fair
0.812500,1.000000,0.769231,0.038462,0.076923,0.115385,0.692308,0.040000,0.000000,0.807692,0.166667,0.083333,Strong
0.312500,0.273684,1.000000,0.000000,0.000000,0.000000,0.100000,1.000000,0.000000,1.000000,0.000000,0.000000,Weak
0.812500,1.000000,0.769231,0.038462,0.076923,0.115385,0.576923,0.000000,0.000000,0.807692,0.166667,0.083333,Strong
0.375000,1.000000,0.500000,0.083333,0.333333,0.083333,0.916667,0.000000,0.090909,0.583333,0.333333,0.083333,Fair
0.750000,1.000000,0.750000,0.041667,0.083333,0.125000,0.666667,0.000000,0.000000,0.791667,0.166667,0.083333,Strong
0.375000,1.000000,0.416667,0.166667,0.333333,0.083333,0.833333,0.090909,0.000000,0.583333,0.333333,0.083333,Fair
0.906250,1.000000,0.793103,0.034483,0.068966,0.103448,0.620690,0.035714,0.071429,0.827586,0.166667,0.083333,Strong
0.343750,1.000000,0.454545,0.090909,0.363636,0.090909,0.727273,0.100000,0.000000,0.545455,0.333333,0.083333,Fair
0.218750,0.378947,0.857143,0.000000,0.142857,0.000000,1.000000,0.000000,0.000000,0.857143,0.083333,0.000000,Weak
0.343750,1.000000,0.454545,0.090909,0.363636,0.090909,1.000000,0.000000,0.100000,0.545455,0.333333,0.083333,Fair
0.562500,1.000000,0.388889,0.277778,0.277778,0.055556,0.833333,0.000000,0.117647,0.666667,0.083333,0.083333,Strong
0.312500,1.000000,0.400000,0.100000,0.400000,0.100000,1.000000,0.000000,0.000000,0.500000,0.333333,0.083333,Fair
0.875000,1.000000,0.785714,0.035714,0.071429,0.107143,0.607143,0.000000,0.000000,0.821429,0.166667,0.083333,Strong
0.125000,0.105263,0.000000,0.000000,1.000000,0.000000,1.000000,0.000000,0.666667,0.000000,0.333333,0.000000,Weak
0.218750,0.378947,0.857143,0.000000,0.142857,0.000000,0.857143,0.166667,0.000000,0.857143,0.083333,0.000000,Weak
0.375000,1.000000,0.500000,0.083333,0.333333,0.083333,0.916667,0.000000,0.090909,0.583333,0.333333,0.083333,Fair
0.843750,1.000000,0.777778,0.037037,0.074074,0.111111,0.629630,0.038462,0.000000,0.814815,0.166667,0.083333,Strong
0.906250,1.000000,0.793103,0.034483,0.068966,0.103448,0.448276,0.071429,0.035714,0.827586,0.166667,0.083333,Strong
0.843750,1.000000,0.777778,0.037037,0.074074,0.111111,0.592593,0.000000,0.153846,0.814815,0.166667,0.083333,Strong
0.906250,1.000000,0.793103,0.034483,0.068966,0.103448,0.586207,0.000000,0.035714,0.827586,0.166667,0.083333,Strong
0.625000,1.000000,0.250000,0.350000,0.300000,0.100000,0.800000,0.052632,0.052632,0.600000,0.166667,0.083333,Strong
0.718750,1.000000,0.347826,0.304348,0.217391,0.130435,0.913043,0.090909,0.045455,0.652174,0.166667,0.250000,Strong
0.218750,0.378947,0.857143,0.000000,0.142857,0.000000,1.000000,0.000000,0.000000,0.857143,0.083333,0.000000,Weak
0.125000,0.105263,0.000000,0.000000,1.000000,0.000000,0.250000,1.000000,0.000000,0.000000,0.333333,0.000000,Weak
0.843750,1.000000,0.777778,0.037037,0.074074,0.111111,0.555556,0.038462,0.000000,0.814815,0.166667,0.083333,Strong
0.812500,1.000000,0.769231,0.038462,0.076923,0.115385,0.615385,0.000000,0.040000,0.807692,0.166667,0.083333,Strong
0.656250,1.000000,0.333333,0.428571,0.095238,0.142857,0.904762,0.000000,0.100000,0.761905,0.083333,0.083333,Strong
0.156250,0.105263,0.000000,0.000000,1.000000,0.000000,1.000000,0.000000,0.750000,0.000000,0.416667,0.000000,Weak
0.375000,1.000000,0.500000,0.166667,0.250000,0.083333,1.000000,0.000000,0.090909,0.666667,0.250000,0.083333,Fair
0.281250,0.105263,0.000000,0.000000,1.000000,0.000000,0.111111,1.000000,0.000000,0.000000,0.750000,0.000000,Weak
0.500000,1.000000,0.500000,0.312500,0.062500,0.125000,0.875000,0.000000,0.066667,0.812500,0.083333,0.083333,Strong
0.343750,1.000000,0.454545,0.090909,0.363636,0.090909,1.000000,0.000000,0.000000,0.545455,0.333333,0.083333,Fair
0.375000,1.000000,0.416667,0.166667,0.333333,0.083333,0.833333,0.000000,0.000000,0.583333,0.333333,0.083333,Fair
0.156250,0.378947,0.800000,0.000000,0.200000,0.000000,1.000000,0.000000,0.750000,0.800000,0.083333,0.000000,Weak
0.125000,0.105263,0.000000,0.000000,1.000000,0.000000,0.750000,0.000000,0.666667,0.000000,0.333333,0.000000,Weak
0.343750,1.000000,0.363636,0.181818,0.363636,0.090909,1.000000,0.000000,0.000000,0.545455,0.333333,0.083333,Fair
0.312500,1.000000,0.400000,0.100000,0.400000,0.100000,0.900000,0.111111,0.111111,0.500000,0.333333,0.083333,Fair
0.343750,1.000000,0.363636,0.181818,0.363636,0.090909,1.000000,0.000000,0.100000,0.545455,0.333333,0.083333,Fair
0.656250,1.000000,0.380952,0.380952,0.142857,0.095238,0.904762,0.000000,0.050000,0.761905,0.083333,0.083333,Strong
0.812500,1.000000,0.769231,0.038462,0.076923,0.115385,0.576923,0.040000,0.040000,0.807692,0.166667,0.083333,Strong
0.281250,1.000000,0.555556,0.111111,0.222222,0.111111,1.000000,0.000000,0.000000,0.666667,0.166667,0.083333,Weak
0.156250,0.105263,0.000000,0.000000,1.000000,0.000000,0.800000,0.250000,0.750000,0.000000,0.416667,0.000000,Weak
0.406250,1.000000,0.461538,0.153846,0.307692,0.076923,0.846154,0.166667,0.000000,0.615385,0.333333,0.083333,Fair
0.375000,1.000000,0.416667,0.166667,0.333333,0.083333,1.000000,0.000000,0.000000,0.583333,0.333333,0.083333,Fair
0.718750,1.000000,0.521739,0.304348,0.130435,0.043478,0.869565,0.000000,0.000000,0.826087,0.083333,0.083333,Strong
0.687500,1.000000,0.454545,0.318182,0.136364,0.090909,0.909091,0.000000,0.000000,0.772727,0.083333,0.083333,Strong
0.218750,0.273684,1.000000,0.000000,0.000000,0.000000,0.142857,1.000000,0.000000,1.000000,0.000000,0.000000,Weak
0.781250,1.000000,0.360000,0.360000,0.200000,0.080000,0.840000,0.000000,0.041667,0.720000,0.083333,0.083333,Strong
0.812500,1.000000,0.769231,0.038462,0.076923,0.115385,0.538462,0.000000,0.080000,0.807692,0.166667,0.083333,Strong
0.218750,0.378947,0.857143,0.000000,0.142857,0.000000,1.000000,0.000000,0.000000,0.857143,0.083333,0.000000,Weak
0.375000,1.000000,0.416667,0.166667,0.333333,0.083333,0.916667,0.000000,0.000000,0.583333,0.333333,0.083333,Fair
0.812500,1.000000,0.769231,0.038462,0.076923,0.115385,0.538462,0.000000,0.080000,0.807692,0.166667,0.083333,Strong
0.343750,1.000000,0.454545,0.090909,0.363636,0.090909,1.000000,0.000000,0.200000,0.545455,0.333333,0.083333,Fair
0.875000,1.000000,0.785714,0.035714,0.071429,0.107143,0.678571,0.000000,0.037037,0.821429,0.166667,0.083333,Strong
0.343750,1.000000,0.363636,0.181818,0.363636,0.090909,0.909091,0.100000,0.000000,0.545455,0.333333,0.083333,Fair
0.812500,1.000000,0.769231,0.038462,0.076923,0.115385,0.692308,0.000000,0.000000,0.807692,0.166667,0.083333,Strong
0.187500,0.273684,1.000000,0.000000,0.000000,0.000000,0.166667,1.000000,0.000000,1.000000,0.000000,0.000000,Weak
0.812500,1.000000,0.769231,0.038462,0.076923,0.115385,0.615385,0.000000,0.040000,0.807692,0.166667,0.083333,Strong
0.281250,1.000000,0.555556,0.111111,0.222222,0.111111,1.000000,0.000000,0.125000,0.666667,0.166667,0.083333,Weak
0.687500,1.000000,0.454545,0.409091,0.090909,0.045455,0.863636,0.000000,0.000000,0.863636,0.083333,0.083333,Strong
0.218750,0.273684,1.000000,0.000000,0.000000,0.000000,0.142857,1.000000,0.000000,1.000000,0.000000,0.000000,Weak
0.312500,1.000000,0.600000,0.100000,0.200000,0.100000,0.900000,0.000000,0.111111,0.700000,0.166667,0.083333,Weak
0.125000,0.105263,0.000000,0.000000,1.000000,0.000000,1.000000,0.000000,0.666667,0.000000,0.333333,0.000000,Weak
0.125000,0.105263,0.000000,0.000000,1.000000,0.000000,1.000000,0.000000,0.666667,0.000000,0.333333,0.000000,Weak
0.312500,1.000000,0.400000,0.100000,0.400000,0.100000,0.900000,0.000000,0.111111,0.500000,0.333333,0.083333,Fair
0.843750,1.000000,0.777778,0.037037,0.074074,0.111111,0.555556,0.000000,0.076923,0.814815,0.166667,0.083333,Strong
0.312500,1.000000,0.400000,0.100000,0.400000,0.100000,1.000000,0.000000,0.000000,0.500000,0.333333,0.083333,Fair
0.875000,1.000000,0.785714,0.035714,0.071429,0.107143,0.642857,0.000000,0.074074,0.821429,0.166667,0.083333,Strong
0.250000,0.105263,0.000000,0.000000,1.000000,0.000000,0.125000,1.000000,0.000000,0.000000,0.666667,0.000000,Weak
0.281250,0.378947,0.777778,0.000000,0.222222,0.000000,0.888889,0.000000,0.000000,0.777778,0.166667,0.000000,Weak
0.812500,1.000000,0.538462,0.269231,0.115385,0.076923,0.807692,0.000000,0.120000,0.807692,0.083333,0.083333,Strong
0.375000,1.000000,0.500000,0.083333,0.333333,0.083333,0.916667,0.000000,0.090909,0.583333,0.333333,0.083333,Fair
0.156250,0.105263,0.000000,0.000000,1.000000,0.000000,0.200000,1.000000,0.000000,0.000000,0.416667,0.000000,Weak
0.312500,1.000000,0.600000,0.100000,0.200000,0.100000,0.900000,0.000000,0.111111,0.700000,0.166667,0.083333,Weak
0.218750,0.378947,0.857143,0.000000,0.142857,0.000000,1.000000,0.000000,0.000000,0.857143,0.083333,0.000000,Weak
0.687500,1.000000,0.318182,0.318182,0.181818,0.181818,0.954545,0.000000,0.047619,0.636364,0.083333,0.166667,Strong
0.156250,0.105263,0.000000,0.000000,1.000000,0.000000,1.000000,0.000000,0.750000,0.000000,0.416667,0.000000,Weak
0.875000,1.000000,0.785714,0.035714,0.071429,0.107143,0.678571,0.000000,0.074074,0.821429,0.166667,0.083333,Strong
0.281250,0.378947,0.777778,0.000000,0.222222,0.000000,0.888889,0.000000,0.000000,0.777778,0.166667,0.000000,Weak
0.625000,1.000000,0.300000,0.450000,0.200000,0.050000,0.800000,0.000000,0.157895,0.750000,0.166667,0.083333,Strong
0.875000,1.000000,0.785714,0.035714,0.071429,0.107143,0.642857,0.000000,0.000000,0.821429,0.166667,0.083333,Strong
0.343750,1.000000,0.454545,0.090909,0.363636,0.090909,0.818182,0.100000,0.100000,0.545455,0.333333,0.083333,Fair
0.312500,1.000000,0.500000,0.100000,0.300000,0.100000,0.900000,0.111111,0.000000,0.600000,0.250000,0.083333,Fair
0.375000,1.000000,0.416667,0.166667,0.333333,0.083333,0.916667,0.000000,0.090909,0.583333,0.333333,0.083333,Fair
0.562500,1.000000,0.388889,0.277778,0.222222,0.111111,0.833333,0.058824,0.117647,0.666667,0.083333,0.083333,Strong
0.343750,1.000000,0.454545,0.090909,0.363636,0.090909,1.000000,0.000000,0.100000,0.545455,0.333333,0.083333,Fair
0.156250,0.105263,0.000000,0.000000,1.000000,0.000000,0.200000,1.000000,0.000000,0.000000,0.416667,0.000000,Weak
0.500000,1.000000,0.437500,0.312500,0.062500,0.187500,0.937500,0.000000,0.000000,0.750000,0.083333,0.166667,Strong
0.156250,0.105263,0.000000,0.000000,1.000000,0.000000,1.000000,0.000000,0.750000,0.000000,0.416667,0.000000,Weak
0.375000,1.000000,0.500000,0.083333,0.333333,0.083333,0.750000,0.181818,0.000000,0.583333,0.333333,0.083333,Fair
0.562500,1.000000,0.388889,0.333333,0.166667,0.111111,0.944444,0.000000,0.000000,0.722222,0.083333,0.083333,Strong
0.375000,1.000000,0.416667,0.166667,0.333333,0.083333,0.916667,0.090909,0.090909,0.583333,0.333333,0.083333,Fair
0.250000,0.105263,0.000000,0.000000,1.000000,0.000000,0.125000,1.000000,0.000000,0.000000,0.666667,0.000000,Weak
0.343750,1.000000,0.363636,0.181818,0.363636,0.090909,0.909091,0.000000,0.000000,0.545455,0.333333,0.083333,Fair
0.687500,1.000000,0.227273,0.590909,0.045455,0.136364,0.863636,0.047619,0.047619,0.818182,0.083333,0.166667,Strong
0.343750,1.000000,0.454545,0.090909,0.363636,0.090909,0.909091,0.100000,0.100000,0.545455,0.333333,0.083333,Fair
0.125000,0.273684,1.000000,0.000000,0.000000,0.000000,0.250000,1.000000,0.000000,1.000000,0.000000,0.000000,Weak
0.156250,0.105263,0.000000,0.000000,1.000000,0.000000,0.800000,0.000000,1.000000,0.000000,0.416667,0.000000,Weak
0.281250,0.378947,0.777778,0.000000,0.222222,0.000000,0.888889,0.000000,0.125000,0.777778,0.166667,0.000000,Weak
0.156250,0.105263,0.000000,0.000000,1.000000,0.000000,1.000000,0.000000,0.750000,0.000000,0.416667,0.000000,Weak
0.843750,1.000000,0.777778,0.037037,0.074074,0.111111,0.518519,0.038462,0.038462,0.814815,0.166667,0.083333,Strong
0.281250,1.000000,0.333333,0.111111,0.444444,0.111111,0.777778,0.250000,0.000000,0.444444,0.333333,0.083333,Fair
0.750000,1.000000,0.541667,0.291667,0.125000,0.041667,0.958333,0.000000,0.086957,0.833333,0.083333,0.083333,Strong
0.281250,1.000000,0.333333,0.111111,0.444444,0.111111,0.888889,0.125000,0.000000,0.444444,0.333333,0.083333,Fair
0.250000,0.378947,0.750000,0.000000,0.250000,0.000000,1.000000,0.000000,0.142857,0.750000,0.166667,0.000000,Weak
0.281250,0.378947,0.777778,0.000000,0.222222,0.000000,0.777778,0.125000,0.000000,0.777778,0.166667,0.000000,Weak
0.343750,1.000000,0.454545,0.090909,0.363636,0.090909,0.818182,0.000000,0.000000,0.545455,0.333333,0.083333,Fair
0.625000,1.000000,0.500000,0.350000,0.050000,0.100000,1.000000,0.000000,0.210526,0.850000,0.083333,0.166667,Strong
0.281250,1.000000,0.555556,0.111111,0.222222,0.111111,1.000000,0.000000,0.250000,0.666667,0.166667,0.083333,Weak
0.250000,0.273684,1.000000,0.000000,0.000000,0.000000,0.125000,1.000000,0.000000,1.000000,0.000000,0.000000,Weak
0.375000,1.000000,0.416667,0.166667,0.333333,0.083333,0.833333,0.000000,0.000000,0.583333,0.333333,0.083333,Fair
0.281250,1.000000,0.333333,0.111111,0.444444,0.111111,1.000000,0.000000,0.000000,0.444444,0.333333,0.083333,Fair
0.156250,0.105263,0.000000,0.000000,1.000000,0.000000,1.000000,0.000000,0.750000,0.000000,0.416667,0.000000,Weak
0.562500,1.000000,0.333333,0.500000,0.111111,0.055556,0.944444,0.000000,0.000000,0.833333,0.083333,0.083333,Strong
0.312500,1.000000,0.600000,0.100000,0.200000,0.100000,0.900000,0.000000,0.000000,0.700000,0.166667,0.083333,Weak
0.281250,1.000000,0.555556,0.111111,0.222222,0.111111,1.000000,0.000000,0.125000,0.666667,0.166667,0.083333,Weak
0.375000,1.000000,0.416667,0.166667,0.333333,0.083333,0.916667,0.000000,0.090909,0.583333,0.333333,0.083333,Fair
0.312500,1.000000,0.400000,0.100000,0.400000,0.100000,0.900000,0.000000,0.111111,0.500000,0.333333,0.083333,Fair
0.250000,0.378947,0.750000,0.000000,0.250000,0.000000,1.000000,0.000000,0.000000,0.750000,0.166667,0.000000,Weak
0.250000,0.105263,0.000000,0.000000,1.000000,0.000000,0.125000,1.000000,0.000000,0.000000,0.666667,0.000000,Weak
0.906250,1.000000,0.793103,0.034483,0.068966,0.103448,0.551724,0.000000,0.071429,0.827586,0.166667,0.083333,Strong
0.562500,0.652632,0.444444,0.444444,0.111111,0.000000,1.000000,0.000000,0.058824,0.888889,0.083333,0.000000,Strong
0.531250,1.000000,0.529412,0.235294,0.117647,0.117647,0.823529,0.000000,0.000000,0.764706,0.083333,0.166667,Strong
0.718750,1.000000,0.434783,0.434783,0.043478,0.086957,0.826087,0.045455,0.090909,0.869565,0.083333,0.083333,Strong
0.843750,1.000000,0.777778,0.037037,0.074074,0.111111,0.592593,0.038462,0.038462,0.814815,0.166667,0.083333,Strong
0.343750,1.000000,0.363636,0.181818,0.363636,0.090909,0.909091,0.000000,0.100000,0.545455,0.333333,0.083333,Fair
0.281250,1.000000,0.333333,0.111111,0.444444,0.111111,1.000000,0.000000,0.000000,0.444444,0.333333,0.083333,Fair
0.593750,1.000000,0.315789,0.526316,0.052632,0.105263,0.842105,0.000000,0.000000,0.842105,0.083333,0.083333,Strong
0.312500,1.000000,0.600000,0.100000,0.200000,0.100000,0.900000,0.000000,0.000000,0.700000,0.166667,0.083333,Weak
0.281250,1.000000,0.555556,0.111111,0.222222,0.111111,1.000000,0.000000,0.250000,0.666667,0.166667,0.083333,Weak
0.812500,1.000000,0.769231,0.038462,0.076923,0.115385,0.615385,0.000000,0.040000,0.807692,0.166667,0.083333,Strong
0.562500,0.652632,0.500000,0.444444,0.055556,0.000000,0.833333,0.000000,0.058824,0.944444,0.083333,0.000000,Strong
0.906250,1.000000,0.793103,0.034483,0.068966,0.103448,0.620690,0.035714,0.000000,0.827586,0.166667,0.083333,Strong
0.281250,0.378947,0.777778,0.000000,0.222222,0.000000,0.888889,0.000000,0.125000,0.777778,0.166667,0.000000,Weak
0.312500,1.000000,0.400000,0.100000,0.400000,0.100000,0.900000,0.111111,0.000000,0.500000,0.333333,0.083333,Fair
0.156250,0.105263,0.000000,0.000000,1.000000,0.000000,1.000000,0.000000,0.750000,0.000000,0.416667,0.000000,Weak
0.187500,0.105263,0.000000,0.000000,1.000000,0.000000,0.166667,1.000000,0.000000,0.000000,0.500000,0.000000,Weak
0.343750,1.000000,0.454545,0.090909,0.363636,0.090909,1.000000,0.000000,0.100000,0.545455,0.333333,0.083333,Fair
0.312500,1.000000,0.600000,0.100000,0.200000,0.100000,0.900000,0.000000,0.000000,0.700000,0.166667,0.083333,Weak
0.312500,1.000000,0.400000,0.200000,0.300000,0.100000,1.000000,0.000000,0.000000,0.600000,0.250000,0.083333,Fair
0.875000,1.000000,0.785714,0.035714,0.071429,0.107143,0.535714,0.000000,0.037037,0.821429,0.166667,0.083333,Strong
0.281250,1.000000,0.333333,0.111111,0.444444,0.111111,1.000000,0.000000,0.000000,0.444444,0.333333,0.083333,Fair
0.281250,0.378947,0.777778,0.000000,0.222222,0.000000,0.888889,0.000000,0.000000,0.777778,0.166667,0.000000,Weak
0.250000,0.378947,0.875000,0.000000,0.125000,0.000000,0.875000,0.000000,0.000000,0.875000,0.083333,0.000000,Weak
0.875000,1.000000,0.785714,0.035714,0.071429,0.107143,0.750000,0.037037,0.000000,0.821429,0.166667,0.083333,Strong
0.250000,0.105263,0.000000,0.000000,1.000000,0.000000,0.125000,1.000000,0.000000,0.000000,0.666667,0.000000,Weak
0.812500,1.000000,0.307692,0.307692,0.153846,0.230769,0.846154,0.040000,0.000000,0.615385,0.083333,0.166667,Strong
0.250000,0.273684,1.000000,0.000000,0.000000,0.000000,0.125000,1.000000,0.000000,1.000000,0.000000,0.000000,Weak
0.312500,1.000000,0.400000,0.100000,0.400000,0.100000,1.000000,0.000000,0.222222,0.500000,0.333333,0.083333,Fair
0.125000,0.105263,0.000000,0.000000,1.000000,0.000000,0.250000,1.000000,0.000000,0.000000,0.333333,0.000000,Weak
0.812500,1.000000,0.769231,0.038462,0.076923,0.115385,0.576923,0.000000,0.000000,0.807692,0.166667,0.083333,Strong
0.343750,1.000000,0.454545,0.090909,0.363636,0.090909,0.909091,0.100000,0.000000,0.545455,0.333333,0.083333,Fair
0.281250,0.378947,0.777778,0.000000,0.222222,0.000000,0.888889,0.000000,0.000000,0.777778,0.166667,0.000000,Weak
0.218750,0.273684,1.000000,0.000000,0.000000,0.000000,0.142857,1.000000,0.000000,1.000000,0.000000,0.000000,Weak
0.375000,1.000000,0.416667,0.166667,0.333333,0.083333,0.833333,0.090909,0.000000,0.583333,0.333333,0.083333,Fair
0.187500,0.105263,0.000000,0.000000,1.000000,0.000000,0.166667,1.000000,0.000000,0.000000,0.500000,0.000000,Weak
0.406250,1.000000,0.461538,0.153846,0.307692,0.076923,0.923077,0.000000,0.083333,0.615385,0.333333,0.083333,Fair
0.250000,0.378947,0.750000,0.000000,0.250000,0.000000,0.875000,0.142857,0.142857,0.750000,0.166667,0.000000,Weak
0.218750,0.378947,0.857143,0.000000,0.142857,0.000000,1.000000,0.000000,0.000000,0.857143,0.083333,0.000000,Weak
0.125000,0.105263,0.000000,0.000000,1.000000,0.000000,1.000000,0.000000,0.666667,0.000000,0.333333,0.000000,Weak
0.843750,1.000000,0.777778,0.037037,0.074074,0.111111,0.592593,0.000000,0.000000,0.814815,0.166667,0.083333,Strong
0.906250,1.000000,0.793103,0.034483,0.068966,0.103448,0.482759,0.000000,0.035714,0.827586,0.166667,0.083333,Strong
0.812500,1.000000,0.769231,0.038462,0.076923,0.115385,0.692308,0.000000,0.040000,0.807692,0.166667,0.083333,Strong
0.968750,1.000000,0.806452,0.032258,0.064516,0.096774,0.548387,0.033333,0.033333,0.838710,0.166667,0.083333,Strong
0.875000,1.000000,0.785714,0.035714,0.071429,0.107143,0.571429,0.000000,0.000000,0.821429,0.166667,0.083333,Strong
0.906250,1.000000,0.793103,0.034483,0.068966,0.103448,0.517241,0.071429,0.000000,0.827586,0.166667,0.083333,Strong
0.375000,1.000000,0.500000,0.083333,0.333333,0.083333,0.833333,0.090909,0.090909,0.583333,0.333333,0.083333,Fair
0.781250,1.000000,0.360000,0.400000,0.160000,0.080000,0.880000,0.000000,0.000000,0.760000,0.166667,0.083333,Strong
0.312500,1.000000,0.400000,0.100000,0.400000,0.100000,0.900000,0.111111,0.000000,0.500000,0.333333,0.083333,Fair
0.312500,1.000000,0.400000,0.100000,0.400000,0.100000,1.000000,0.000000,0.000000,0.500000,0.333333,0.083333,Fair
0.718750,1.000000,0.217391,0.521739,0.217391,0.043478,0.782609,0.000000,0.000000,0.739130,0.250000,0.083333,Strong
0.187500,0.273684,1.000000,0.000000,0.000000,0.000000,0.166667,1.000000,0.000000,1.000000,0.000000,0.000000,Weak
0.750000,0.894737,0.375000,0.375000,0.000000,0.250000,0.833333,0.000000,0.000000,0.750000,0.000000,0.166667,Strong
0.281250,1.000000,0.555556,0.111111,0.222222,0.111111,1.000000,0.000000,0.125000,0.666667,0.166667,0.083333,Weak
0.375000,1.000000,0.416667,0.166667,0.333333,0.083333,0.916667,0.000000,0.090909,0.583333,0.333333,0.083333,Fair
0.343750,1.000000,0.454545,0.090909,0.363636,0.090909,0.818182,0.100000,0.000000,0.545455,0.333333,0.083333,Fair
0.812500,0.652632,0.461538,0.346154,0.192308,0.000000,0.807692,0.000000,0.040000,0.807692,0.166667,0.000000,Strong
0.875000,1.000000,0.785714,0.035714,0.071429,0.107143,0.571429,0.037037,0.037037,0.821429,0.166667,0.083333,Strong
0.343750,1.000000,0.363636,0.181818,0.363636,0.090909,0.909091,0.000000,0.000000,0.545455,0.333333,0.083333,Fair
0.781250,1.000000,0.760000,0.040000,0.080000,0.120000,0.680000,0.000000,0.041667,0.800000,0.166667,0.083333,Strong
0.843750,1.000000,0.777778,0.037037,0.074074,0.111111,0.555556,0.038462,0.038462,0.814815,0.166667,0.083333,Strong
0.843750,1.000000,0.777778,0.037037,0.074074,0.111111,0.555556,0.000000,0.115385,0.814815,0.166667,0.083333,Strong
0.312500,1.000000,0.400000,0.100000,0.400000,0.100000,0.900000,0.111111,0.000000,0.500000,0.333333,0.083333,Fair
0.281250,1.000000,0.555556,0.111111,0.222222,0.111111,0.888889,0.125000,0.000000,0.666667,0.166667,0.083333,Weak
0.312500,1.000000,0.600000,0.100000,0.200000,0.100000,0.900000,0.000000,0.000000,0.700000,0.166667,0.083333,Weak
0.843750,1.000000,0.777778,0.037037,0.074074,0.111111,0.555556,0.038462,0.076923,0.814815,0.166667,0.083333,Strong
0.281250,0.378947,0.777778,0.000000,0.222222,0.000000,0.888889,0.000000,0.000000,0.777778,0.166667,0.000000,Weak
0.281250,0.273684,1.000000,0.000000,0.000000,0.000000,0.111111,1.000000,0.000000,1.000000,0.000000,0.000000,Weak
0.375000,1.000000,0.500000,0.083333,0.333333,0.083333,0.833333,0.090909,0.090909,0.583333,0.333333,0.083333,Fair
0.531250,1.000000,0.352941,0.411765,0.176471,0.058824,0.823529,0.062500,0.000000,0.764706,0.166667,0.083333,Strong
0.312500,1.000000,0.500000,0.100000,0.300000,0.100000,1.000000,0.000000,0.000000,0.600000,0.250000,0.083333,Fair
0.687500,1.000000,0.227273,0.545455,0.136364,0.090909,0.954545,0.000000,0.000000,0.772727,0.083333,0.083333,Strong
0.343750,1.000000,0.454545,0.090909,0.363636,0.090909,0.909091,0.100000,0.000000,0.545455,0.333333,0.083333,Fair
0.156250,0.105263,0.000000,0.000000,1.000000,0.000000,1.000000,0.000000,0.750000,0.000000,0.416667,0.000000,Weak
0.125000,0.273684,1.000000,0.000000,0.000000,0.000000,0.250000,1.000000,0.000000,1.000000,0.000000,0.000000,Weak
0.375000,1.000000,0.416667,0.166667,0.333333,0.083333,1.000000,0.000000,0.000000,0.583333,0.333333,0.083333,Fair
0.375000,1.000000,0.416667,0.166667,0.333333,0.083333,0.916667,0.090909,0.000000,0.583333,0.333333,0.083333,Fair
0.750000,1.000000,0.416667,0.333333,0.125000,0.125000,0.833333,0.086957,0.043478,0.750000,0.083333,0.083333,Strong
0.781250,1.000000,0.520000,0.240000,0.160000,0.080000,0.800000,0.041667,0.000000,0.760000,0.166667,0.083333,Strong
0.343750,1.000000,0.454545,0.090909,0.363636,0.090909,1.000000,0.000000,0.200000,0.545455,0.333333,0.083333,Fair
0.625000,0.652632,0.500000,0.350000,0.150000,0.000000,0.850000,0.000000,0.000000,0.850000,0.083333,0.000000,Strong
0.250000,0.378947,0.750000,0.000000,0.250000,0.000000,1.000000,0.000000,0.000000,0.750000,0.166667,0.000000,Weak
0.125000,0.273684,1.000000,0.000000,0.000000,0.000000,0.250000,1.000000,0.000000,1.000000,0.000000,0.000000,Weak
0.343750,1.000000,0.454545,0.090909,0.363636,0.090909,0.909091,0.000000,0.100000,0.545455,0.333333,0.083333,Fair
0.812500,1.000000,0.769231,0.038462,0.076923,0.115385,0.653846,0.000000,0.000000,0.807692,0.166667,0.083333,Strong
0.875000,1.000000,0.785714,0.035714,0.071429,0.107143,0.642857,0.000000,0.074074,0.821429,0.166667,0.083333,Strong
0.250000,1.000000,0.375000,0.125000,0.375000,0.125000,1.000000,0.000000,0.000000,0.500000,0.250000,0.083333,Fair
0.281250,1.000000,0.555556,0.111111,0.222222,0.111111,1.000000,0.000000,0.000000,0.666667,0.166667,0.083333,Weak
0.156250,0.105263,0.000000,0.000000,1.000000,0.000000,1.000000,0.000000,0.750000,0.000000,0.416667,0.000000,Weak
0.343750,1.000000,0.363636,0.181818,0.363636,0.090909,0.909091,0.000000,0.000000,0.545455,0.333333,0.083333,Fair
0.906250,1.000000,0.793103,0.034483,0.068966,0.103448,0.620690,0.000000,0.000000,0.827586,0.166667,0.083333,Strong
0.281250,0.273684,1.000000,0.000000,0.000000,0.000000,0.111111,1.000000,0.000000,1.000000,0.000000,0.000000,Weak
0.500000,1.000000,0.437500,0.312500,0.125000,0.125000,1.000000,0.000000,0.066667,0.750000,0.083333,0.083333,Strong
0.781250,1.000000,0.760000,0.040000,0.080000,0.120000,0.600000,0.083333,0.000000,0.800000,0.166667,0.083333,Strong
0.343750,1.000000,0.454545,0.090909,0.363636,0.090909,1.000000,0.000000,0.100000,0.545455,0.333333,0.083333,Fair
0.812500,1.000000,0.769231,0.038462,0.076923,0.115385,0.500000,0.040000,0.000000,0.807692,0.166667,0.083333,Strong
0.312500,1.000000,0.400000,0.100000,0.400000,0.100000,1.000000,0.000000,0.222222,0.500000,0.333333,0.083333,Fair
0.281250,1.000000,0.555556,0.111111,0.222222,0.111111,1.000000,0.000000,0.000000,0.666667,0.166667,0.083333,Weak
0.281250,1.000000,0.555556,0.111111,0.222222,0.111111,1.000000,0.000000,0.125000,0.666667,0.166667,0.083333,Weak
0.156250,0.378947,0.800000,0.000000,0.200000,0.000000,1.000000,0.000000,0.750000,0.800000,0.083333,0.000000,Weak
0.593750,1.000000,0.315789,0.263158,0.157895,0.263158,0.842105,0.055556,0.000000,0.578947,0.083333,0.250000,Strong
0.343750,1.000000,0.454545,0.090909,0.363636,0.090909,1.000000,0.000000,0.200000,0.545455,0.333333,0.083333,Fair
0.250000,0.378947,0.750000,0.000000,0.250000,0.000000,1.000000,0.000000,0.142857,0.750000,0.166667,0.000000,Weak
0.250000,0.378947,0.750000,0.000000,0.250000,0.000000,1.000000,0.000000,0.142857,0.750000,0.166667,0.000000,Weak
0.281250,1.000000,0.444444,0.111111,0.333333,0.111111,1.000000,0.000000,0.125000,0.555556,0.250000,0.083333,Fair
0.218750,0.273684,1.000000,0.000000,0.000000,0.000000,0.142857,1.000000,0.000000,1.000000,0.000000,0.000000,Weak
0.250000,0.378947,0.750000,0.000000,0.250000,0.000000,1.000000,0.000000,0.285714,0.750000,0.166667,0.000000,Weak
0.343750,1.000000,0.454545,0.181818,0.272727,0.090909,0.818182,0.100000,0.000000,0.636364,0.250000,0.083333,Fair
0.312500,1.000000,0.400000,0.100000,0.400000,0.100000,0.900000,0.111111,0.000000,0.500000,0.333333,0.083333,Fair
0.562500,1.000000,0.222222,0.388889,0.166667,0.222222,0.888889,0.000000,0.058824,0.611111,0.083333,0.166667,Strong
0.250000,0.378947,0.750000,0.000000,0.250000,0.000000,1.000000,0.000000,0.142857,0.750000,0.166667,0.000000,Weak
0.343750,1.000000,0.454545,0.090909,0.363636,0.090909,1.000000,0.000000,0.000000,0.545455,0.333333,0.083333,Fair
0.125000,0.105263,0.000000,0.000000,1.000000,0.000000,1.000000,0.000000,0.666667,0.000000,0.333333,0.000000,Weak
0.718750,1.000000,0.478261,0.391304,0.086957,0.043478,0.869565,0.000000,0.000000,0.869565,0.083333,0.083333,Strong
0.406250,1.000000,0.461538,0.153846,0.307692,0.076923,0.923077,0.000000,0.166667,0.615385,0.333333,0.083333,Fair
0.156250,0.105263,0.000000,0.000000,1.000000,0.000000,0.800000,0.000000,0.750000,0.000000,0.416667,0.000000,Weak
0.812500,1.000000,0.346154,0.423077,0.153846,0.076923,0.846154,0.040000,0.000000,0.769231,0.083333,0.083333,Strong
0.312500,0.105263,0.000000,0.000000,1.000000,0.000000,0.100000,1.000000,0.000000,0.000000,0.833333,0.000000,Weak
0.187500,0.273684,1.000000,0.000000,0.000000,0.000000,0.166667,1.000000,0.000000,1.000000,0.000000,0.000000,Weak
0.562500,1.000000,0.222222,0.555556,0.111111,0.111111,0.833333,0.000000,0.000000,0.777778,0.083333,0.083333,Strong
0.312500,1.000000,0.400000,0.100000,0.400000,0.100000,0.800000,0.111111,0.333333,0.500000,0.333333,0.083333,Fair
0.281250,1.000000,0.333333,0.111111,0.444444,0.111111,1.000000,0.000000,0.125000,0.444444,0.333333,0.083333,Fair
0.906250,1.000000,0.793103,0.034483,0.068966,0.103448,0.620690,0.000000,0.071429,0.827586,0.166667,0.083333,Strong
0.343750,1.000000,0.363636,0.181818,0.363636,0.090909,1.000000,0.000000,0.100000,0.545455,0.333333,0.083333,Fair
0.718750,1.000000,0.478261,0.304348,0.086957,0.130435,0.956522,0.000000,0.090909,0.782609,0.083333,0.083333,Strong
0.156250,0.378947,0.800000,0.000000,0.200000,0.000000,1.000000,0.000000,0.750000,0.800000,0.083333,0.000000,Weak
0.343750,1.000000,0.454545,0.090909,0.363636,0.090909,0.909091,0.100000,0.000000,0.545455,0.333333,0.083333,Fair
0.281250,1.000000,0.555556,0.111111,0.222222,0.111111,1.000000,0.000000,0.000000,0.666667,0.166667,0.083333,Weak
0.250000,0.105263,0.000000,0.000000,1.000000,0.000000,0.125000,1.000000,0.000000,0.000000,0.666667,0.000000,Weak
0.343750,1.000000,0.454545,0.090909,0.363636,0.090909,1.000000,0.000000,0.000000,0.545455,0.333333,0.083333,Fair
0.312500,1.000000,0.600000,0.100000,0.200000,0.100000,0.800000,0.111111,0.000000,0.700000,0.166667,0.083333,Weak
0.531250,1.000000,0.411765,0.352941,0.058824,0.176471,0.941176,0.000000,0.000000,0.764706,0.083333,0.083333,Strong
0.375000,1.000000,0.416667,0.166667,0.333333,0.083333,0.750000,0.181818,0.090909,0.583333,0.333333,0.083333,Fair
0.375000,1.000000,0.416667,0.166667,0.333333,0.083333,0.916667,0.000000,0.000000,0.583333,0.333333,0.083333,Fair
0.218750,0.378947,0.857143,0.000000,0.142857,0.000000,1.000000,0.000000,0.000000,0.857143,0.083333,0.000000,Weak
0.281250,1.000000,0.555556,0.111111,0.222222,0.111111,1.000000,0.000000,0.250000,0.666667,0.166667,0.083333,Weak
0.875000,1.000000,0.785714,0.035714,0.071429,0.107143,0.642857,0.000000,0.000000,0.821429,0.166667,0.083333,Strong
0.906250,1.000000,0.793103,0.034483,0.068966,0.103448,0.620690,0.000000,0.142857,0.827586,0.166667,0.083333,Strong
0.687500,1.000000,0.318182,0.272727,0.181818,0.227273,0.863636,0.095238,0.000000,0.590909,0.083333,0.166667,Strong
0.875000,1.000000,0.785714,0.035714,0.071429,0.107143,0.607143,0.000000,0.074074,0.821429,0.166667,0.083333,Strong
0.875000,1.000000,0.785714,0.035714,0.071429,0.107143,0.678571,0.000000,0.037037,0.821429,0.166667,0.083333,Strong
0.343750,1.000000,0.454545,0.090909,0.363636,0.090909,0.818182,0.200000,0.000000,0.545455,0.333333,0.083333,Fair
0.500000,1.000000,0.187500,0.437500,0.125000,0.250000,1.000000,0.000000,0.000000,0.625000,0.083333,0.166667,Strong
0.343750,1.000000,0.363636,0.181818,0.363636,0.090909,0.909091,0.000000,0.100000,0.545455,0.333333,0.083333,Fair
0.343750,1.000000,0.454545,0.090909,0.363636,0.090909,0.909091,0.000000,0.100000,0.545455,0.333333,0.083333,Fair
0.375000,1.000000,0.416667,0.166667,0.333333,0.083333,0.916667,0.000000,0.090909,0.583333,0.333333,0.083333,Fair
0.312500,1.000000,0.400000,0.100000,0.400000,0.100000,1.000000,0.000000,0.111111,0.500000,0.333333,0.083333,Fair
0.250000,0.378947,0.750000,0.000000,0.250000,0.000000,1.000000,0.000000,0.142857,0.750000,0.166667,0.000000,Weak
0.375000,1.000000,0.416667,0.166667,0.333333,0.083333,0.916667,0.090909,0.181818,0.583333,0.333333,0.083333,Fair
0.250000,0.378947,0.750000,0.000000,0.250000,0.000000,1.000000,0.000000,0.142857,0.750000,0.166667,0.000000,Weak
0.343750,1.000000,0.454545,0.090909,0.363636,0.090909,0.909091,0.000000,0.000000,0.545455,0.333333,0.083333,Fair
0.281250,1.000000,0.444444,0.111111,0.333333,0.111111,1.000000,0.000000,0.250000,0.555556,0.250000,0.083333,Fair
0.562500,0.652632,0.611111,0.333333,0.055556,0.000000,0.777778,0.058824,0.000000,0.944444,0.083333,0.000000,Strong
0.781250,1.000000,0.760000,0.040000,0.080000,0.120000,0.720000,0.041667,0.041667,0.800000,0.166667,0.083333,Strong
0.531250,1.000000,0.294118,0.470588,0.058824,0.176471,0.941176,0.000000,0.000000,0.764706,0.083333,0.083333,Strong
0.250000,0.378947,0.875000,0.000000,0.125000,0.000000,0.875000,0.000000,0.000000,0.875000,0.083333,0.000000,Weak
0.718750,1.000000,0.478261,0.304348,0.086957,0.130435,0.956522,0.000000,0.090909,0.782609,0.083333,0.083333,Strong
0.343750,1.000000,0.454545,0.090909,0.363636,0.090909,0.909091,0.100000,0.100000,0.545455,0.333333,0.083333,Fair
0.375000,1.000000,0.500000,0.083333,0.333333,0.083333,0.916667,0.090909,0.090909,0.583333,0.333333,0.083333,Fair
0.312500,1.000000,0.400000,0.100000,0.400000,0.100000,0.800000,0.000000,0.333333,0.500000,0.333333,0.083333,Fair
0.312500,1.000000,0.400000,0.100000,0.400000,0.100000,0.900000,0.111111,0.111111,0.500000,0.333333,0.083333,Fair
0.218750,0.378947,0.857143,0.000000,0.142857,0.000000,1.000000,0.000000,0.000000,0.857143,0.083333,0.000000,Weak
0.187500,0.273684,1.000000,0.000000,0.000000,0.000000,0.166667,1.000000,0.000000,1.000000,0.000000,0.000000,Weak
0.250000,0.378947,0.750000,0.000000,0.250000,0.000000,1.000000,0.000000,0.142857,0.750000,0.166667,0.000000,Weak
0.781250,1.000000,0.760000,0.040000,0.080000,0.120000,0.680000,0.000000,0.041667,0.800000,0.166667,0.083333,Strong
0.625000,1.000000,0.200000,0.500000,0.200000,0.100000,0.850000,0.000000,0.052632,0.700000,0.166667,0.083333,Strong
0.625000,1.000000,0.250000,0.500000,0.200000,0.050000,0.750000,0.000000,0.000000,0.750000,0.083333,0.083333,Strong
0.312500,1.000000,0.500000,0.100000,0.300000,0.100000,1.000000,0.000000,0.000000,0.600000,0.250000,0.083333,Fair
0.937500,1.000000,0.800000,0.033333,0.066667,0.100000,0.533333,0.000000,0.068966,0.833333,0.166667,0.083333,Strong
0.312500,1.000000,0.400000,0.200000,0.300000,0.100000,1.000000,0.000000,0.111111,0.600000,0.250000,0.083333,Fair
0.312500,0.273684,1.000000,0.000000,0.000000,0.000000,0.100000,1.000000,0.000000,1.000000,0.000000,0.000000,Weak
0.968750,1.000000,0.806452,0.032258,0.064516,0.096774,0.580645,0.033333,0.000000,0.838710,0.166667,0.083333,Strong
0.593750,1.000000,0.210526,0.368421,0.157895,0.263158,0.894737,0.000000,0.000000,0.578947,0.083333,0.083333,Strong
0.375000,1.000000,0.500000,0.083333,0.333333,0.083333,0.916667,0.000000,0.000000,0.583333,0.333333,0.083333,Fair
0.250000,0.105263,0.000000,0.000000,1.000000,0.000000,0.125000,1.000000,0.000000,0.000000,0.666667,0.000000,Weak
0.312500,1.000000,0.300000,0.200000,0.400000,0.100000,0.900000,0.111111,0.000000,0.500000,0.333333,0.083333,Fair
0.312500,1.000000,0.400000,0.100000,0.400000,0.100000,1.000000,0.000000,0.000000,0.500000,0.333333,0.083333,Fair
0.718750,1.000000,0.347826,0.434783,0.130435,0.086957,1.000000,0.000000,0.000000,0.782609,0.166667,0.083333,Strong
0.343750,1.000000,0.636364,0.090909,0.181818,0.090909,0.909091,0.100000,0.000000,0.727273,0.166667,0.083333,Weak
0.875000,1.000000,0.785714,0.035714,0.071429,0.107143,0.535714,0.000000,0.000000,0.821429,0.166667,0.083333,Strong
0.812500,1.000000,0.769231,0.038462,0.076923,0.115385,0.615385,0.040000,0.080000,0.807692,0.166667,0.083333,Strong
0.156250,0.105263,0.000000,0.000000,1.000000,0.000000,0.800000,0.000000,1.000000,0.000000,0.416667,0.000000,Weak
0.125000,0.105263,0.000000,0.000000,1.000000,0.000000,0.750000,0.000000,1.000000,0.000000,0.333333,0.000000,Weak
0.250000,0.273684,1.000000,0.000000,0.000000,0.000000,0.125000,1.000000,0.000000,1.000000,0.000000,0.000000,Weak
0.312500,1.000000,0.600000,0.100000,0.200000,0.100000,0.800000,0.111111,0.000000,0.700000,0.166667,0.083333,Weak
0.312500,0.273684,1.000000,0.000000,0.000000,0.000000,0.100000,1.000000,0.000000,1.000000,0.000000,0.000000,Weak
0.343750,1.000000,0.454545,0.090909,0.363636,0.090909,0.909091,0.100000,0.100000,0.545455,0.333333,0.083333,Fair
0.218750,0.378947,0.857143,0.000000,0.142857,0.000000,1.000000,0.000000,0.000000,0.857143,0.083333,0.000000,Weak
0.343750,1.000000,0.636364,0.090909,0.181818,0.090909,0.909091,0.100000,0.000000,0.727273,0.166667,0.083333,Weak
0.531250,1.000000,0.352941,0.411765,0.117647,0.117647,0.882353,0.062500,0.062500,0.764706,0.083333,0.083333,Strong
0.812500,1.000000,0.384615,0.384615,0.153846,0.076923,0.923077,0.000000,0.080000,0.769231,0.166667,0.166667,Strong
0.218750,0.378947,0.857143,0.000000,0.142857,0.000000,1.000000,0.000000,0.000000,0.857143,0.083333,0.000000,Weak
0.375000,1.000000,0.416667,0.166667,0.333333,0.083333,1.000000,0.000000,0.090909,0.583333,0.333333,0.083333,Fair
0.250000,0.378947,0.750000,0.000000,0.250000,0.000000,0.875000,0.142857,0.000000,0.750000,0.166667,0.000000,Weak
0.843750,1.000000,0.777778,0.037037,0.074074,0.111111,0.518519,0.038462,0.000000,0.814815,0.166667,0.083333,Strong
0.187500,0.273684,1.000000,0.000000,0.000000,0.000000,0.166667,1.000000,0.000000,1.000000,0.000000,0.000000,Weak
0.343750,1.000000,0.454545,0.090909,0.363636,0.090909,0.818182,0.100000,0.000000,0.545455,0.333333,0.083333,Fair
0.250000,0.378947,0.750000,0.000000,0.250000,0.000000,1.000000,0.000000,0.285714,0.750000,0.166667,0.000000,Weak
0.531250,1.000000,0.411765,0.411765,0.117647,0.058824,0.882353,0.000000,0.000000,0.823529,0.083333,0.083333,Strong
0.312500,0.378947,0.800000,0.000000,0.200000,0.000000,0.900000,0.111111,0.111111,0.800000,0.166667,0.000000,Weak
0.375000,1.000000,0.500000,0.083333,0.333333,0.083333,0.916667,0.000000,0.181818,0.583333,0.333333,0.083333,Fair
0.250000,0.378947,0.750000,0.000000,0.250000,0.000000,1.000000,0.000000,0.000000,0.750000,0.166667,0.000000,Weak
0.312500,0.378947,0.800000,0.000000,0.200000,0.000000,0.900000,0.111111,0.111111,0.800000,0.166667,0.000000,Weak
0.375000,1.000000,0.416667,0.166667,0.333333,0.083333,1.000000,0.000000,0.272727,0.583333,0.333333,0.083333,Fair
0.250000,0.378947,0.750000,0.000000,0.250000,0.000000,1.000000,0.000000,0.142857,0.750000,0.166667,0.000000,Weak
0.843750,1.000000,0.777778,0.037037,0.074074,0.111111,0.629630,0.038462,0.000000,0.814815,0.166667,0.083333,Strong
0.625000,1.000000,0.200000,0.400000,0.250000,0.150000,0.950000,0.000000,0.105263,0.600000,0.166667,0.166667,Strong
0.218750,0.378947,0.857143,0.000000,0.142857,0.000000,1.000000,0.000000,0.000000,0.857143,0.083333,0.000000,Weak
0.906250,1.000000,0.793103,0.034483,0.068966,0.103448,0.655172,0.000000,0.035714,0.827586,0.166667,0.083333,Strong
0.281250,1.000000,0.333333,0.222222,0.333333,0.111111,1.000000,0.000000,0.125000,0.555556,0.250000,0.083333,Fair
0.593750,1.000000,0.421053,0.210526,0.210526,0.157895,0.842105,0.000000,0.055556,0.631579,0.166667,0.083333,Strong
0.562500,1.000000,0.444444,0.222222,0.222222,0.111111,0.888889,0.000000,0.000000,0.666667,0.166667,0.083333,Strong
0.375000,1.000000,0.416667,0.166667,0.333333,0.083333,0.916667,0.000000,0.000000,0.583333,0.333333,0.083333,Fair
0.656250,1.000000,0.333333,0.571429,0.047619,0.047619,0.761905,0.000000,0.150000,0.904762,0.083333,0.083333,Strong
0.531250,1.000000,0.529412,0.294118,0.058824,0.117647,0.941176,0.000000,0.125000,0.823529,0.083333,0.083333,Strong
0.750000,1.000000,0.416667,0.375000,0.083333,0.125000,0.833333,0.000000,0.043478,0.791667,0.083333,0.083333,Strong
0.656250,0.894737,0.619048,0.333333,0.000000,0.047619,0.809524,0.000000,0.000000,0.952381,0.000000,0.083333,Strong
0.812500,1.000000,0.769231,0.038462,0.076923,0.115385,0.692308,0.040000,0.080000,0.807692,0.166667,0.083333,Strong
0.281250,1.000000,0.555556,0.111111,0.222222,0.111111,0.888889,0.125000,0.000000,0.666667,0.166667,0.083333,Weak
0.250000,0.378947,0.750000,0.000000,0.250000,0.000000,0.750000,0.285714,0.000000,0.750000,0.166667,0.000000,Weak
0.250000,0.378947,0.750000,0.000000,0.250000,0.000000,1.000000,0.000000,0.000000,0.750000,0.166667,0.000000,Weak
0.781250,1.000000,0.760000,0.040000,0.080000,0.120000,0.640000,0.000000,0.083333,0.800000,0.166667,0.083333,Strong
0.343750,1.000000,0.454545,0.090909,0.363636,0.090909,0.909091,0.100000,0.000000,0.545455,0.333333,0.083333,Fair
0.406250,1.000000,0.461538,0.153846,0.307692,0.076923,0.923077,0.000000,0.083333,0.615385,0.333333,0.083333,Fair
0.343750,1.000000,0.454545,0.090909,0.363636,0.090909,0.909091,0.000000,0.000000,0.545455,0.333333,0.083333,Fair
0.375000,1.000000,0.416667,0.166667,0.333333,0.083333,0.916667,0.090909,0.090909,0.583333,0.333333,0.083333,Fair
0.281250,1.000000,0.444444,0.111111,0.333333,0.111111,0.888889,0.000000,0.250000,0.555556,0.250000,0.083333,Fair
0.781250,1.000000,0.240000,0.480000,0.120000,0.160000,0.800000,0.000000,0.041667,0.720000,0.083333,0.166667,Strong
0.218750,0.378947,0.857143,0.000000,0.142857,0.000000,0.857143,0.166667,0.000000,0.857143,0.083333,0.000000,Weak
0.375000,1.000000,0.500000,0.083333,0.333333,0.083333,1.000000,0.000000,0.000000,0.583333,0.333333,0.083333,Fair
0.218750,0.273684,1.000000,0.000000,0.000000,0.000000,0.142857,1.000000,0.000000,1.000000,0.000000,0.000000,Weak
0.312500,1.000000,0.400000,0.100000,0.400000,0.100000,1.000000,0.000000,0.111111,0.500000,0.333333,0.083333,Fair
0.218750,0.378947,0.857143,0.000000,0.142857,0.000000,1.000000,0.000000,0.000000,0.857143,0.083333,0.000000,Weak
0.250000,0.378947,0.750000,0.000000,0.250000,0.000000,0.875000,0.142857,0.000000,0.750000,0.166667,0.000000,Weak
0.156250,0.378947,0.800000,0.000000,0.200000,0.000000,1.000000,0.000000,0.750000,0.800000,0.083333,0.000000,Weak
0.906250,1.000000,0.793103,0.034483,0.068966,0.103448,0.551724,0.035714,0.000000,0.827586,0.166667,0.083333,Strong
0.312500,1.000000,0.400000,0.100000,0.400000,0.100000,1.000000,0.000000,0.000000,0.500000,0.333333,0.083333,Fair
0.187500,0.273684,1.000000,0.000000,0.000000,0.000000,0.166667,1.000000,0.000000,1.000000,0.000000,0.000000,Weak
0.875000,1.000000,0.785714,0.035714,0.071429,0.107143,0.571429,0.000000,0.148148,0.821429,0.166667,0.083333,Strong
0.281250,1.000000,0.444444,0.111111,0.333333,0.111111,1.000000,0.000000,0.250000,0.555556,0.250000,0.083333,Fair
0.375000,1.000000,0.416667,0.166667,0.333333,0.083333,0.916667,0.000000,0.090909,0.583333,0.333333,0.083333,Fair
0.125000,0.105263,0.000000,0.000000,1.000000,0.000000,0.750000,0.333333,0.666667,0.000000,0.333333,0.000000,Weak
0.625000,1.000000,0.400000,0.400000,0.150000,0.050000,0.850000,0.000000,0.000000,0.800000,0.083333,0.083333,Strong
0.281250,1.000000,0.555556,0.111111,0.222222,0.111111,1.000000,0.000000,0.125000,0.666667,0.166667,0.083333,Weak
0.218750,0.378947,0.857143,0.000000,0.142857,0.000000,1.000000,0.000000,0.000000,0.857143,0.083333,0.000000,Weak
0.218750,0.378947,0.857143,0.000000,0.142857,0.000000,1.000000,0.000000,0.000000,0.857143,0.083333,0.000000,Weak
0.812500,0.652632,0.576923,0.307692,0.115385,0.000000,0.846154,0.000000,0.120000,0.884615,0.083333,0.000000,Strong
0.343750,1.000000,0.454545,0.090909,0.363636,0.090909,1.000000,0.000000,0.100000,0.545455,0.333333,0.083333,Fair
0.375000,1.000000,0.416667,0.166667,0.333333,0.083333,1.000000,0.000000,0.000000,0.583333,0.333333,0.083333,Fair
0.343750,1.000000,0.454545,0.090909,0.363636,0.090909,1.000000,0.000000,0.000000,0.545455,0.333333,0.083333,Fair
0.781250,1.000000,0.480000,0.280000,0.120000,0.120000,0.880000,0.000000,0.083333,0.760000,0.083333,0.166667,Strong
0.812500,0.652632,0.230769,0.423077,0.346154,0.000000,0.692308,0.040000,0.120000,0.653846,0.250000,0.000000,Strong
0.312500,1.000000,0.300000,0.200000,0.400000,0.100000,0.900000,0.000000,0.222222,0.500000,0.333333,0.083333,Fair
0.875000,1.000000,0.785714,0.035714,0.071429,0.107143,0.678571,0.000000,0.111111,0.821429,0.166667,0.083333,Strong
0.343750,1.000000,0.454545,0.090909,0.363636,0.090909,0.909091,0.000000,0.100000,0.545455,0.333333,0.083333,Fair
0.343750,1.000000,0.454545,0.090909,0.363636,0.090909,0.909091,0.100000,0.100000,0.545455,0.333333,0.083333,Fair
0.375000,1.000000,0.416667,0.166667,0.333333,0.083333,0.833333,0.181818,0.000000,0.583333,0.333333,0.083333,Fair
0.281250,0.105263,0.000000,0.000000,1.000000,0.000000,0.111111,1.000000,0.000000,0.000000,0.750000,0.000000,Weak
0.312500,1.000000,0.600000,0.100000,0.200000,0.100000,0.900000,0.000000,0.000000,0.700000,0.166667,0.083333,Weak
0.312500,1.000000,0.400000,0.100000,0.400000,0.100000,0.900000,0.111111,0.000000,0.500000,0.333333,0.083333,Fair
0.281250,1.000000,0.555556,0.111111,0.222222,0.111111,1.000000,0.000000,0.125000,0.666667,0.166667,0.083333,Weak
0.375000,1.000000,0.500000,0.083333,0.333333,0.083333,0.916667,0.000000,0.090909,0.583333,0.333333,0.083333,Fair
0.250000,1.000000,0.375000,0.250000,0.250000,0.125000,1.000000,0.000000,0.000000,0.625000,0.166667,0.083333,Fair
0.281250,0.378947,0.777778,0.000000,0.222222,0.000000,0.777778,0.125000,0.000000,0.777778,0.166667,0.000000,Weak
0.875000,1.000000,0.785714,0.035714,0.071429,0.107143,0.571429,0.037037,0.000000,0.821429,0.166667,0.083333,Strong
0.343750,1.000000,0.454545,0.090909,0.363636,0.090909,0.909091,0.000000,0.100000,0.545455,0.333333,0.083333,Fair
0.250000,0.105263,0.000000,0.000000,1.000000,0.000000,0.125000,1.000000,0.000000,0.000000,0.666667,0.000000,Weak
0.812500,1.000000,0.769231,0.038462,0.076923,0.115385,0.653846,0.040000,0.000000,0.807692,0.166667,0.083333,Strong
0.281250,1.000000,0.333333,0.111111,0.444444,0.111111,0.888889,0.000000,0.000000,0.444444,0.333333,0.083333,Fair
0.250000,0.378947,0.750000,0.000000,0.250000,0.000000,0.875000,0.142857,0.000000,0.750000,0.166667,0.000000,Weak
0.281250,1.000000,0.555556,0.111111,0.222222,0.111111,1.000000,0.000000,0.000000,0.666667,0.166667,0.083333,Weak
0.281250,1.000000,0.555556,0.111111,0.222222,0.111111,1.000000,0.000000,0.125000,0.666667,0.166667,0.083333,Weak
0.812500,1.000000,0.461538,0.384615,0.076923,0.076923,0.730769,0.080000,0.080000,0.846154,0.083333,0.166667,Strong
0.312500,1.000000,0.400000,0.200000,0.300000,0.100000,1.000000,0.000000,0.111111,0.600000,0.250000,0.083333,Fair
0.906250,1.000000,0.793103,0.034483,0.068966,0.103448,0.517241,0.000000,0.035714,0.827586,0.166667,0.083333,Strong
0.250000,0.378947,0.750000,0.000000,0.250000,0.000000,0.875000,0.142857,0.000000,0.750000,0.166667,0.000000,Weak
0.343750,1.000000,0.454545,0.090909,0.363636,0.090909,1.000000,0.000000,0.000000,0.545455,0.333333,0.083333,Fair
0.812500,1.000000,0.769231,0.038462,0.076923,0.115385,0.615385,0.000000,0.080000,0.807692,0.166667,0.083333,Strong
0.906250,1.000000,0.793103,0.034483,0.068966,0.103448,0.655172,0.000000,0.035714,0.827586,0.166667,0.083333,Strong
0.343750,1.000000,0.454545,0.090909,0.363636,0.090909,0.909091,0.100000,0.100000,0.545455,0.333333,0.083333,Fair
0.281250,1.000000,0.555556,0.111111,0.222222,0.111111,1.000000,0.000000,0.125000,0.666667,0.166667,0.083333,Weak
0.406250,1.000000,0.461538,0.153846,0.307692,0.076923,0.846154,0.083333,0.083333,0.615385,0.333333,0.083333,Fair
0.312500,1.000000,0.400000,0.100000,0.400000,0.100000,1.000000,0.000000,0.111111,0.500000,0.333333,0.083333,Fair
0.312500,0.378947,0.800000,0.000000,0.200000,0.000000,0.900000,0.111111,0.111111,0.800000,0.166667,0.000000,Weak
0.312500,1.000000,0.300000,0.200000,0.400000,0.100000,0.900000,0.111111,0.111111,0.500000,0.333333,0.083333,Fair
0.281250,1.000000,0.555556,0.111111,0.222222,0.111111,1.000000,0.000000,0.250000,0.666667,0.166667,0.083333,Weak
0.781250,1.000000,0.320000,0.280000,0.240000,0.160000,0.960000,0.041667,0.000000,0.600000,0.166667,0.166667,Strong
0.906250,1.000000,0.793103,0.034483,0.068966,0.103448,0.620690,0.035714,0.000000,0.827586,0.166667,0.083333,Strong
0.343750,1.000000,0.454545,0.090909,0.363636,0.090909,1.000000,0.000000,0.100000,0.545455,0.333333,0.083333,Fair
0.343750,1.000000,0.636364,0.090909,0.181818,0.090909,0.818182,0.200000,0.000000,0.727273,0.166667,0.083333,Weak
0.406250,1.000000,0.461538,0.153846,0.307692,0.076923,0.846154,0.000000,0.166667,0.615385,0.333333,0.083333,Fair
0.312500,1.000000,0.500000,0.100000,0.300000,0.100000,1.000000,0.000000,0.000000,0.600000,0.250000,0.083333,Fair
0.156250,0.378947,0.800000,0.000000,0.200000,0.000000,1.000000,0.000000,0.750000,0.800000,0.083333,0.000000,Weak
0.250000,0.378947,0.750000,0.000000,0.250000,0.000000,1.000000,0.000000,0.000000,0.750000,0.166667,0.000000,Weak
0.875000,1.000000,0.785714,0.035714,0.071429,0.107143,0.642857,0.037037,0.074074,0.821429,0.166667,0.083333,Strong
0.406250,1.000000,0.461538,0.153846,0.307692,0.076923,0.923077,0.000000,0.000000,0.615385,0.333333,0.083333,Fair
0.687500,1.000000,0.590909,0.227273,0.090909,0.090909,1.000000,0.000000,0.000000,0.818182,0.083333,0.083333,Strong
0.812500,1.000000,0.769231,0.038462,0.076923,0.115385,0.615385,0.080000,0.040000,0.807692,0.166667,0.083333,Strong
0.625000,1.000000,0.400000,0.350000,0.150000,0.100000,0.950000,0.000000,0.157895,0.750000,0.250000,0.083333,Strong
0.531250,1.000000,0.117647,0.588235,0.117647,0.176471,0.882353,0.000000,0.000000,0.705882,0.083333,0.083333,Strong
0.250000,0.378947,0.875000,0.000000,0.125000,0.000000,0.875000,0.000000,0.000000,0.875000,0.083333,0.000000,Weak
0.312500,1.000000,0.400000,0.100000,0.400000,0.100000,0.900000,0.111111,0.000000,0.500000,0.333333,0.083333,Fair
0.343750,1.000000,0.454545,0.090909,0.363636,0.090909,0.909091,0.000000,0.100000,0.545455,0.333333,0.083333,Fair
0.812500,1.000000,0.769231,0.038462,0.076923,0.115385,0.615385,0.000000,0.000000,0.807692,0.166667,0.083333,Strong
0.312500,1.000000,0.400000,0.100000,0.400000,0.100000,0.900000,0.111111,0.000000,0.500000,0.333333,0.083333,Fair
0.718750,1.000000,0.391304,0.217391,0.260870,0.130435,0.826087,0.000000,0.045455,0.608696,0.083333,0.083333,Strong
0.312500,1.000000,0.400000,0.100000,0.400000,0.100000,0.900000,0.000000,0.111111,0.500000,0.333333,0.083333,Fair
0.343750,1.000000,0.454545,0.090909,0.363636,0.090909,0.818182,0.100000,0.200000,0.545455,0.333333,0.083333,Fair
0.281250,1.000000,0.333333,0.111111,0.444444,0.111111,1.000000,0.000000,0.000000,0.444444,0.333333,0.083333,Fair
0.656250,1.000000,0.380952,0.476190,0.095238,0.047619,0.761905,0.000000,0.000000,0.857143,0.083333,0.083333,Strong
0.843750,1.000000,0.777778,0.037037,0.074074,0.111111,0.481481,0.038462,0.000000,0.814815,0.166667,0.083333,Strong
0.312500,0.378947,0.800000,0.000000,0.200000,0.000000,0.900000,0.111111,0.111111,0.800000,0.166667,0.000000,Weak
0.375000,1.000000,0.416667,0.166667,0.333333,0.083333,0.916667,0.000000,0.181818,0.583333,0.333333,0.083333,Fair
0.343750,1.000000,0.545455,0.090909,0.272727,0.090909,1.000000,0.000000,0.000000,0.636364,0.250000,0.083333,Fair
0.250000,0.378947,0.750000,0.000000,0.250000,0.000000,1.000000,0.000000,0.000000,0.750000,0.166667,0.000000,Weak
0.750000,1.000000,0.375000,0.416667,0.125000,0.083333,0.875000,0.000000,0.000000,0.791667,0.083333,0.083333,Strong
0.781250,1.000000,0.760000,0.040000,0.080000,0.120000,0.720000,0.041667,0.000000,0.800000,0.166667,0.083333,Strong
0.343750,1.000000,0.363636,0.181818,0.363636,0.090909,0.909091,0.000000,0.000000,0.545455,0.333333,0.083333,Fair
0.281250,0.378947,0.777778,0.000000,0.222222,0.000000,0.888889,0.000000,0.125000,0.777778,0.166667,0.000000,Weak
0.312500,1.000000,0.400000,0.100000,0.400000,0.100000,1.000000,0.000000,0.111111,0.500000,0.333333,0.083333,Fair
0.375000,1.000000,0.416667,0.166667,0.333333,0.083333,0.750000,0.272727,0.000000,0.583333,0.333333,0.083333,Fair
0.281250,1.000000,0.555556,0.111111,0.222222,0.111111,1.000000,0.000000,0.125000,0.666667,0.166667,0.083333,Weak
0.312500,1.000000,0.500000,0.100000,0.300000,0.100000,1.000000,0.000000,0.000000,0.600000,0.250000,0.083333,Fair
0.281250,1.000000,0.333333,0.111111,0.444444,0.111111,1.000000,0.000000,0.125000,0.444444,0.333333,0.083333,Fair
0.843750,1.000000,0.777778,0.037037,0.074074,0.111111,0.481481,0.076923,0.038462,0.814815,0.166667,0.083333,Strong
0.781250,1.000000,0.760000,0.040000,0.080000,0.120000,0.600000,0.041667,0.000000,0.800000,0.166667,0.083333,Strong
0.750000,1.000000,0.750000,0.041667,0.083333,0.125000,0.708333,0.000000,0.043478,0.791667,0.166667,0.083333,Strong
0.718750,1.000000,0.478261,0.391304,0.086957,0.043478,0.869565,0.000000,0.000000,0.869565,0.083333,0.083333,Strong
0.343750,1.000000,0.454545,0.090909,0.363636,0.090909,1.000000,0.000000,0.100000,0.545455,0.333333,0.083333,Fair
0.343750,1.000000,0.454545,0.090909,0.363636,0.090909,0.909091,0.100000,0.100000,0.545455,0.333333,0.083333,Fair
0.750000,1.000000,0.541667,0.250000,0.166667,0.041667,0.833333,0.043478,0.130435,0.791667,0.166667,0.083333,Strong
0.250000,0.273684,1.000000,0.000000,0.000000,0.000000,0.125000,1.000000,0.000000,1.000000,0.000000,0.000000,Weak
0.375000,1.000000,0.500000,0.083333,0.333333,0.083333,0.750000,0.181818,0.090909,0.583333,0.333333,0.083333,Fair
0.843750,1.000000,0.777778,0.037037,0.074074,0.111111,0.555556,0.076923,0.038462,0.814815,0.166667,0.083333,Strong
0.781250,1.000000,0.760000,0.040000,0.080000,0.120000,0.520000,0.041667,0.000000,0.800000,0.166667,0.083333,Strong
0.781250,1.000000,0.400000,0.440000,0.120000,0.040000,0.840000,0.000000,0.083333,0.840000,0.083333,0.083333,Strong
0.250000,0.378947,0.750000,0.000000,0.250000,0.000000,1.000000,0.000000,0.000000,0.750000,0.166667,0.000000,Weak
0.250000,0.378947,0.750000,0.000000,0.250000,0.000000,1.000000,0.000000,0.142857,0.750000,0.166667,0.000000,Weak
0.281250,0.378947,0.777778,0.000000,0.222222,0.000000,0.888889,0.000000,0.000000,0.777778,0.166667,0.000000,Weak
0.843750,1.000000,0.777778,0.037037,0.074074,0.111111,0.555556,0.076923,0.038462,0.814815,0.166667,0.083333,Strong
0.875000,1.000000,0.785714,0.035714,0.071429,0.107143,0.642857,0.037037,0.111111,0.821429,0.166667,0.083333,Strong
0.781250,0.894737,0.400000,0.400000,0.000000,0.200000,0.800000,0.000000,0.041667,0.800000,0.000000,0.166667,Strong
0.343750,1.000000,0.363636,0.181818,0.363636,0.090909,1.000000,0.000000,0.000000,0.545455,0.333333,0.083333,Fair
0.750000,1.000000,0.458333,0.250000,0.125000,0.166667,0.875000,0.043478,0.043478,0.708333,0.083333,0.166667,Strong
0.281250,1.000000,0.333333,0.111111,0.444444,0.111111,1.000000,0.000000,0.000000,0.444444,0.333333,0.083333,Fair
0.312500,1.000000,0.400000,0.100000,0.400000,0.100000,0.900000,0.000000,0.333333,0.500000,0.333333,0.083333,Fair
0.375000,1.000000,0.416667,0.166667,0.333333,0.083333,1.000000,0.000000,0.000000,0.583333,0.333333,0.083333,Fair
0.312500,1.000000,0.400000,0.100000,0.400000,0.100000,1.000000,0.000000,0.111111,0.500000,0.333333,0.083333,Fair
0.812500,1.000000,0.769231,0.038462,0.076923,0.115385,0.615385,0.040000,0.040000,0.807692,0.166667,0.083333,Strong
0.406250,1.000000,0.461538,0.153846,0.307692,0.076923,0.923077,0.000000,0.083333,0.615385,0.333333,0.083333,Fair
0.500000,0.652632,0.500000,0.312500,0.187500,0.000000,0.937500,0.000000,0.000000,0.812500,0.083333,0.000000,Strong
0.250000,0.273684,1.000000,0.000000,0.000000,0.000000,0.125000,1.000000,0.000000,1.000000,0.000000,0.000000,Weak
0.843750,1.000000,0.777778,0.037037,0.074074,0.111111,0.481481,0.076923,0.000000,0.814815,0.166667,0.083333,Strong
0.312500,1.000000,0.400000,0.100000,0.400000,0.100000,1.000000,0.000000,0.000000,0.500000,0.333333,0.083333,Fair
0.312500,1.000000,0.400000,0.100000,0.400000,0.100000,0.900000,0.000000,0.222222,0.500000,0.333333,0.083333,Fair
0.156250,0.105263,0.000000,0.000000,1.000000,0.000000,1.000000,0.000000,0.750000,0.000000,0.416667,0.000000,Weak
0.562500,1.000000,0.222222,0.444444,0.277778,0.055556,0.833333,0.000000,0.058824,0.666667,0.166667,0.083333,Strong
0.312500,1.000000,0.600000,0.100000,0.200000,0.100000,0.900000,0.000000,0.000000,0.700000,0.166667,0.083333,Weak
0.312500,1.000000,0.400000,0.200000,0.300000,0.100000,1.000000,0.000000,0.222222,0.600000,0.250000,0.083333,Fair
0.156250,0.378947,0.800000,0.000000,0.200000,0.000000,1.000000,0.000000,0.750000,0.800000,0.083333,0.000000,Weak
0.656250,1.000000,0.523810,0.238095,0.142857,0.095238,0.904762,0.000000,0.000000,0.761905,0.083333,0.083333,Strong
0.843750,1.000000,0.777778,0.037037,0.074074,0.111111,0.518519,0.076923,0.076923,0.814815,0.166667,0.083333,Strong
0.312500,0.273684,1.000000,0.000000,0.000000,0.000000,0.100000,1.000000,0.000000,1.000000,0.000000,0.000000,Weak
0.812500,0.652632,0.423077,0.423077,0.153846,0.000000,0.730769,0.080000,0.000000,0.846154,0.166667,0.000000,Strong
0.375000,1.000000,0.416667,0.166667,0.333333,0.083333,0.916667,0.000000,0.090909,0.583333,0.333333,0.083333,Fair
0.343750,1.000000,0.363636,0.181818,0.363636,0.090909,0.909091,0.100000,0.000000,0.545455,0.333333,0.083333,Fair
0.125000,0.105263,0.000000,0.000000,1.000000,0.000000,0.250000,1.000000,0.000000,0.000000,0.333333,0.000000,Weak
0.812500,1.000000,0.769231,0.038462,0.076923,0.115385,0.615385,0.000000,0.040000,0.807692,0.166667,0.083333,Strong
0.218750,0.378947,0.857143,0.000000,0.142857,0.000000,1.000000,0.000000,0.000000,0.857143,0.083333,0.000000,Weak
0.250000,0.105263,0.000000,0.000000,1.000000,0.000000,0.125000,1.000000,0.000000,0.000000,0.666667,0.000000,Weak
0.312500,1.000000,0.400000,0.100000,0.400000,0.100000,0.900000,0.000000,0.222222,0.500000,0.333333,0.083333,Fair
0.343750,1.000000,0.454545,0.090909,0.363636,0.090909,0.727273,0.100000,0.200000,0.545455,0.333333,0.083333,Fair
0.250000,0.378947,0.750000,0.000000,0.250000,0.000000,0.875000,0.142857,0.000000,0.750000,0.166667,0.000000,Weak
0.281250,0.273684,1.000000,0.000000,0.000000,0.000000,0.111111,1.000000,0.000000,1.000000,0.000000,0.000000,Weak
0.781250,1.000000,0.760000,0.040000,0.080000,0.120000,0.720000,0.000000,0.000000,0.800000,0.166667,0.083333,Strong
0.218750,0.378947,0.857143,0.000000,0.142857,0.000000,1.000000,0.000000,0.000000,0.857143,0.083333,0.000000,Weak
0.562500,1.000000,0.611111,0.222222,0.111111,0.055556,0.777778,0.000000,0.058824,0.833333,0.083333,0.083333,Strong
0.875000,1.000000,0.785714,0.035714,0.071429,0.107143,0.607143,0.000000,0.000000,0.821429,0.166667,0.083333,Strong
0.281250,0.105263,0.000000,0.000000,1.000000,0.000000,0.111111,1.000000,0.000000,0.000000,0.750000,0.000000,Weak
0.781250,1.000000,0.400000,0.320000,0.240000,0.040000,0.760000,0.041667,0.125000,0.720000,0.166667,0.083333,Strong
0.781250,1.000000,0.760000,0.040000,0.080000,0.120000,0.680000,0.000000,0.041667,0.800000,0.166667,0.083333,Strong
0.281250,1.000000,0.444444,0.111111,0.333333,0.111111,1.000000,0.000000,0.125000,0.555556,0.250000,0.083333,Fair
0.812500,1.000000,0.538462,0.230769,0.192308,0.038462,0.807692,0.040000,0.080000,0.769231,0.166667,0.083333,Strong
0.656250,1.000000,0.238095,0.523810,0.142857,0.095238,0.809524,0.000000,0.050000,0.761905,0.083333,0.083333,Strong
0.750000,1.000000,0.375000,0.250000,0.166667,0.208333,0.833333,0.000000,0.000000,0.625000,0.083333,0.083333,Strong
0.375000,1.000000,0.416667,0.166667,0.333333,0.083333,1.000000,0.000000,0.090909,0.583333,0.333333,0.083333,Fair
0.281250,0.378947,0.777778,0.000000,0.222222,0.000000,0.888889,0.000000,0.000000,0.777778,0.166667,0.000000,Weak
0.406250,1.000000,0.461538,0.153846,0.307692,0.076923,0.769231,0.083333,0.083333,0.615385,0.333333,0.083333,Fair
0.343750,1.000000,0.454545,0.090909,0.363636,0.090909,0.909091,0.000000,0.000000,0.545455,0.333333,0.083333,Fair
0.343750,1.000000,0.363636,0.181818,0.363636,0.090909,0.909091,0.100000,0.000000,0.545455,0.333333,0.083333,Fair
0.312500,1.000000,0.400000,0.100000,0.400000,0.100000,1.000000,0.000000,0.000000,0.500000,0.333333,0.083333,Fair
0.562500,1.000000,0.444444,0.333333,0.166667,0.055556,1.000000,0.000000,0.000000,0.777778,0.083333,0.083333,Strong
0.906250,1.000000,0.793103,0.034483,0.068966,0.103448,0.551724,0.035714,0.035714,0.827586,0.166667,0.083333,Strong
0.968750,1.000000,0.806452,0.032258,0.064516,0.096774,0.645161,0.000000,0.033333,0.838710,0.166667,0.083333,Strong
0.343750,1.000000,0.454545,0.090909,0.363636,0.090909,0.909091,0.100000,0.100000,0.545455,0.333333,0.083333,Fair
0.937500,1.000000,0.800000,0.033333,0.066667,0.100000,0.566667,0.034483,0.034483,0.833333,0.166667,0.083333,Strong
0.375000,1.000000,0.416667,0.166667,0.333333,0.083333,0.833333,0.090909,0.090909,0.583333,0.333333,0.083333,Fair
0.375000,1.000000,0.416667,0.166667,0.333333,0.083333,0.916667,0.000000,0.000000,0.583333,0.333333,0.083333,Fair
0.281250,0.273684,1.000000,0.000000,0.000000,0.000000,0.111111,1.000000,0.000000,1.000000,0.000000,0.000000,Weak
0.312500,0.105263,0.000000,0.000000,1.000000,0.000000,0.100000,1.000000,0.000000,0.000000,0.833333,0.000000,Weak
0.218750,0.378947,0.857143,0.000000,0.142857,0.000000,1.000000,0.000000,0.000000,0.857143,0.083333,0.000000,Weak
0.343750,1.000000,0.454545,0.090909,0.363636,0.090909,1.000000,0.000000,0.100000,0.545455,0.333333,0.083333,Fair
0.281250,1.000000,0.555556,0.111111,0.222222,0.111111,0.888889,0.125000,0.125000,0.666667,0.166667,0.083333,Weak
0.375000,1.000000,0.416667,0.166667,0.333333,0.083333,0.916667,0.000000,0.000000,0.583333,0.333333,0.083333,Fair
0.156250,0.273684,1.000000,0.000000,0.000000,0.000000,0.200000,1.000000,0.000000,1.000000,0.000000,0.000000,Weak
0.281250,1.000000,0.555556,0.111111,0.222222,0.111111,0.888889,0.125000,0.000000,0.666667,0.166667,0.083333,Weak
0.343750,1.000000,0.454545,0.090909,0.363636,0.090909,0.818182,0.200000,0.000000,0.545455,0.333333,0.083333,Fair
0.812500,1.000000,0.769231,0.038462,0.076923,0.115385,0.653846,0.000000,0.080000,0.807692,0.166667,0.083333,Strong
0.781250,1.000000,0.400000,0.240000,0.120000,0.240000,0.800000,0.041667,0.000000,0.640000,0.083333,0.166667,Strong
0.625000,0.894737,0.600000,0.300000,0.000000,0.100000,1.000000,0.000000,0.000000,0.900000,0.000000,0.083333,Strong
0.156250,0.378947,0.800000,0.000000,0.200000,0.000000,1.000000,0.000000,0.750000,0.800000,0.083333,0.000000,Weak
0.156250,0.105263,0.000000,0.000000,1.000000,0.000000,1.000000,0.000000,0.750000,0.000000,0.416667,0.000000,Weak
0.343750,1.000000,0.454545,0.090909,0.363636,0.090909,0.727273,0.200000,0.000000,0.545455,0.333333,0.083333,Fair
0.843750,1.000000,0.777778,0.037037,0.074074,0.111111,0.592593,0.000000,0.038462,0.814815,0.166667,0.083333,Strong
0.531250,0.894737,0.294118,0.352941,0.000000,0.352941,0.882353,0.000000,0.000000,0.647059,0.000000,0.166667,Strong
0.375000,1.000000,0.416667,0.166667,0.333333,0.083333,0.916667,0.000000,0.000000,0.583333,0.333333,0.083333,Fair
0.250000,0.378947,0.750000,0.000000,0.250000,0.000000,1.000000,0.000000,0.285714,0.750000,0.166667,0.000000,Weak
0.281250,1.000000,0.555556,0.111111,0.222222,0.111111,1.000000,0.000000,0.125000,0.666667,0.166667,0.083333,Weak
0.812500,1.000000,0.769231,0.038462,0.076923,0.115385,0.615385,0.040000,0.000000,0.807692,0.166667,0.083333,Strong
0.875000,1.000000,0.785714,0.035714,0.071429,0.107143,0.607143,0.037037,0.000000,0.821429,0.166667,0.083333,Strong
0.812500,1.000000,0.423077,0.346154,0.076923,0.153846,0.846154,0.000000,0.080000,0.769231,0.083333,0.083333,Strong
0.312500,1.000000,0.400000,0.100000,0.400000,0.100000,0.900000,0.000000,0.333333,0.500000,0.333333,0.083333,Fair
0.500000,1.000000,0.437500,0.125000,0.250000,0.187500,0.875000,0.000000,0.133333,0.562500,0.250000,0.083333,Strong
0.375000,1.000000,0.500000,0.083333,0.333333,0.083333,0.833333,0.000000,0.090909,0.583333,0.333333,0.083333,Fair
0.218750,0.273684,1.000000,0.000000,0.000000,0.000000,0.142857,1.000000,0.000000,1.000000,0.000000,0.000000,Weak
0.312500,1.000000,0.600000,0.100000,0.200000,0.100000,0.900000,0.000000,0.000000,0.700000,0.166667,0.083333,Weak
0.500000,1.000000,0.312500,0.312500,0.187500,0.187500,0.937500,0.000000,0.066667,0.625000,0.083333,0.083333,Strong
0.812500,1.000000,0.769231,0.038462,0.076923,0.115385,0.692308,0.040000,0.000000,0.807692,0.166667,0.083333,Strong
0.781250,1.000000,0.440000,0.320000,0.040000,0.200000,0.840000,0.000000,0.041667,0.760000,0.083333,0.166667,Strong
0.343750,1.000000,0.363636,0.181818,0.363636,0.090909,0.909091,0.000000,0.300000,0.545455,0.333333,0.083333,Fair
0.531250,1.000000,0.352941,0.176471,0.117647,0.352941,0.764706,0.062500,0.062500,0.529412,0.166667,0.166667,Strong
0.375000,1.000000,0.416667,0.166667,0.333333,0.083333,0.916667,0.090909,0.000000,0.583333,0.333333,0.083333,Fair
0.281250,1.000000,0.555556,0.111111,0.222222,0.111111,0.888889,0.125000,0.000000,0.666667,0.166667,0.083333,Weak
0.406250,1.000000,0.461538,0.153846,0.307692,0.076923,0.923077,0.000000,0.083333,0.615385,0.333333,0.083333,Fair
0.312500,1.000000,0.400000,0.100000,0.400000,0.100000,1.000000,0.000000,0.000000,0.500000,0.333333,0.083333,Fair
0.906250,1.000000,0.793103,0.034483,0.068966,0.103448,0.482759,0.000000,0.000000,0.827586,0.166667,0.083333,Strong
0.687500,1.000000,0.272727,0.409091,0.227273,0.090909,0.727273,0.000000,0.000000,0.681818,0.166667,0.083333,Strong
0.250000,0.378947,0.750000,0.000000,0.250000,0.000000,1.000000,0.000000,0.142857,0.750000,0.166667,0.000000,Weak
0.250000,0.105263,0.000000,0.000000,1.000000,0.000000,0.125000,1.000000,0.000000,0.000000,0.666667,0.000000,Weak
0.343750,1.000000,0.363636,0.181818,0.363636,0.090909,1.000000,0.000000,0.100000,0.545455,0.333333,0.083333,Fair
0.156250,0.105263,0.000000,0.000000,1.000000,0.000000,0.800000,0.000000,0.750000,0.000000,0.416667,0.000000,Weak
0.250000,0.378947,0.750000,0.000000,0.250000,0.000000,1.000000,0.000000,0.142857,0.750000,0.166667,0.000000,Weak
0.250000,1.000000,0.375000,0.250000,0.250000,0.125000,1.000000,0.000000,0.000000,0.625000,0.166667,0.083333,Fair
0.750000,1.000000,0.750000,0.041667,0.083333,0.125000,0.625000,0.000000,0.000000,0.791667,0.166667,0.083333,Strong
0.812500,1.000000,0.769231,0.038462,0.076923,0.115385,0.615385,0.000000,0.080000,0.807692,0.166667,0.083333,Strong
0.843750,1.000000,0.777778,0.037037,0.074074,0.111111,0.629630,0.000000,0.038462,0.814815,0.166667,0.083333,Strong
0.281250,0.378947,0.777778,0.000000,0.222222,0.000000,0.888889,0.000000,0.000000,0.777778,0.166667,0.000000,Weak
0.312500,0.105263,0.000000,0.000000,1.000000,0.000000,0.100000,1.000000,0.000000,0.000000,0.833333,0.000000,Weak
0.312500,0.105263,0.000000,0.000000,1.000000,0.000000,0.100000,1.000000,0.000000,0.000000,0.833333,0.000000,Weak
0.187500,0.105263,0.000000,0.000000,1.000000,0.000000,0.166667,1.000000,0.000000,0.000000,0.500000,0.000000,Weak
0.187500,0.273684,1.000000,0.000000,0.000000,0.000000,0.166667,1.000000,0.000000,1.000000,0.000000,0.000000,Weak
0.250000,0.273684,1.000000,0.000000,0.000000,0.000000,0.125000,1.000000,0.000000,1.000000,0.000000,0.000000,Weak
0.343750,1.000000,0.454545,0.090909,0.363636,0.090909,0.909091,0.100000,0.100000,0.545455,0.333333,0.083333,Fair
0.531250,1.000000,0.294118,0.470588,0.117647,0.117647,0.941176,0.000000,0.062500,0.764706,0.083333,0.083333,Strong
0.343750,1.000000,0.363636,0.181818,0.363636,0.090909,1.000000,0.000000,0.000000,0.545455,0.333333,0.083333,Fair
0.343750,1.000000,0.454545,0.090909,0.363636,0.090909,1.000000,0.000000,0.100000,0.545455,0.333333,0.083333,Fair
0.281250,1.000000,0.444444,0.111111,0.333333,0.111111,0.888889,0.000000,0.250000,0.555556,0.250000,0.083333,Fair
0.250000,0.273684,1.000000,0.000000,0.000000,0.000000,0.125000,1.000000,0.000000,1.000000,0.000000,0.000000,Weak
0.343750,1.000000,0.363636,0.181818,0.363636,0.090909,0.818182,0.100000,0.000000,0.545455,0.333333,0.083333,Fair
0.343750,1.000000,0.363636,0.181818,0.363636,0.090909,0.818182,0.000000,0.100000,0.545455,0.333333,0.083333,Fair
0.125000,0.273684,1.000000,0.000000,0.000000,0.000000,0.250000,1.000000,0.000000,1.000000,0.000000,0.000000,Weak
0.343750,1.000000,0.454545,0.090909,0.363636,0.090909,0.909091,0.000000,0.000000,0.545455,0.333333,0.083333,Fair
0.718750,1.000000,0.391304,0.391304,0.086957,0.130435,0.869565,0.000000,0.136364,0.782609,0.083333,0.166667,Strong
0.156250,0.378947,0.800000,0.000000,0.200000,0.000000,1.000000,0.000000,0.750000,0.800000,0.083333,0.000000,Weak
0.531250,1.000000,0.294118,0.588235,0.058824,0.058824,0.823529,0.000000,0.000000,0.882353,0.083333,0.083333,Strong
0.718750,1.000000,0.304348,0.521739,0.086957,0.086957,0.739130,0.045455,0.045455,0.826087,0.083333,0.083333,Strong
0.281250,1.000000,0.555556,0.111111,0.222222,0.111111,0.888889,0.125000,0.000000,0.666667,0.166667,0.083333,Weak
0.281250,0.378947,0.888889,0.000000,0.111111,0.000000,0.888889,0.125000,0.000000,0.888889,0.083333,0.000000,Weak
0.562500,1.000000,0.277778,0.388889,0.166667,0.166667,0.777778,0.000000,0.000000,0.666667,0.083333,0.083333,Strong
0.156250,0.273684,1.000000,0.000000,0.000000,0.000000,0.200000,1.000000,0.000000,1.000000,0.000000,0.000000,Weak
0.156250,0.378947,0.800000,0.000000,0.200000,0.000000,1.000000,0.000000,0.750000,0.800000,0.083333,0.000000,Weak
0.281250,1.000000,0.333333,0.111111,0.444444,0.111111,0.888889,0.000000,0.000000,0.444444,0.333333,0.083333,Fair
0.156250,0.378947,0.800000,0.000000,0.200000,0.000000,1.000000,0.000000,0.750000,0.800000,0.083333,0.000000,Weak
0.312500,1.000000,0.400000,0.100000,0.400000,0.100000,0.800000,0.111111,0.222222,0.500000,0.333333,0.083333,Fair
0.687500,1.000000,0.500000,0.272727,0.090909,0.136364,0.818182,0.047619,0.000000,0.772727,0.083333,0.083333,Strong
0.343750,1.000000,0.454545,0.090909,0.363636,0.090909,1.000000,0.000000,0.200000,0.545455,0.333333,0.083333,Fair
0.281250,1.000000,0.555556,0.111111,0.222222,0.111111,1.000000,0.000000,0.125000,0.666667,0.166667,0.083333,Weak
0.281250,1.000000,0.333333,0.111111,0.444444,0.111111,0.888889,0.125000,0.000000,0.444444,0.333333,0.083333,Fair
0.843750,1.000000,0.777778,0.037037,0.074074,0.111111,0.555556,0.000000,0.000000,0.814815,0.166667,0.083333,Strong
0.250000,0.378947,0.750000,0.000000,0.250000,0.000000,1.000000,0.000000,0.142857,0.750000,0.166667,0.000000,Weak
0.906250,1.000000,0.793103,0.034483,0.068966,0.103448,0.551724,0.035714,0.000000,0.827586,0.166667,0.083333,Strong
0.875000,1.000000,0.785714,0.035714,0.071429,0.107143,0.500000,0.037037,0.000000,0.821429,0.166667,0.083333,Strong
0.625000,1.000000,0.350000,0.400000,0.100000,0.150000,0.900000,0.000000,0.000000,0.750000,0.083333,0.083333,Strong
0.343750,1.000000,0.363636,0.181818,0.363636,0.090909,1.000000,0.000000,0.000000,0.545455,0.333333,0.083333,Fair
0.312500,1.000000,0.400000,0.100000,0.400000,0.100000,0.800000,0.111111,0.333333,0.500000,0.333333,0.083333,Fair
0.375000,1.000000,0.416667,0.166667,0.333333,0.083333,0.916667,0.090909,0.090909,0.583333,0.333333,0.083333,Fair
0.718750,1.000000,0.391304,0.434783,0.086957,0.086957,0.869565,0.000000,0.045455,0.826087,0.083333,0.083333,Strong
0.375000,1.000000,0.416667,0.166667,0.333333,0.083333,0.916667,0.000000,0.181818,0.583333,0.333333,0.083333,Fair
0.843750,1.000000,0.777778,0.037037,0.074074,0.111111,0.592593,0.000000,0.115385,0.814815,0.166667,0.083333,Strong
0.312500,1.000000,0.400000,0.100000,0.400000,0.100000,0.900000,0.000000,0.000000,0.500000,0.333333,0.083333,Fair
0.281250,1.000000,0.333333,0.111111,0.444444,0.111111,1.000000,0.000000,0.125000,0.444444,0.333333,0.083333,Fair
0.312500,1.000000,0.600000,0.100000,0.200000,0.100000,0.900000,0.000000,0.000000,0.700000,0.166667,0.083333,Weak
0.281250,0.273684,1.000000,0.000000,0.000000,0.000000,0.111111,1.000000,0.000000,1.000000,0.000000,0.000000,Weak
0.750000,1.000000,0.416667,0.291667,0.166667,0.125000,0.958333,0.000000,0.043478,0.708333,0.083333,0.083333,Strong
0.156250,0.105263,0.000000,0.000000,1.000000,0.000000,0.800000,0.000000,0.750000,0.000000,0.416667,0.000000,Weak
0.375000,1.000000,0.416667,0.166667,0.333333,0.083333,1.000000,0.000000,0.090909,0.583333,0.333333,0.083333,Fair
0.750000,1.000000,0.416667,0.416667,0.083333,0.083333,0.916667,0.000000,0.000000,0.833333,0.083333,0.083333,Strong
0.343750,1.000000,0.363636,0.181818,0.363636,0.090909,1.000000,0.000000,0.000000,0.545455,0.333333,0.083333,Fair
0.250000,0.273684,1.000000,0.000000,0.000000,0.000000,0.125000,1.000000,0.000000,1.000000,0.000000,0.000000,Weak
0.312500,1.000000,0.400000,0.100000,0.400000,0.100000,1.000000,0.000000,0.222222,0.500000,0.333333,0.083333,Fair
0.312500,1.000000,0.600000,0.100000,0.200000,0.100000,0.900000,0.000000,0.000000,0.700000,0.166667,0.083333,Weak
0.343750,1.000000,0.454545,0.090909,0.363636,0.090909,1.000000,0.000000,0.100000,0.545455,0.333333,0.083333,Fair
0.875000,1.000000,0.785714,0.035714,0.071429,0.107143,0.571429,0.037037,0.037037,0.821429,0.166667,0.083333,Strong
0.312500,0.105263,0.000000,0.000000,1.000000,0.000000,0.100000,1.000000,0.000000,0.000000,0.833333,0.000000,Weak
0.250000,0.378947,0.875000,0.000000,0.125000,0.000000,0.875000,0.000000,0.000000,0.875000,0.083333,0.000000,Weak
0.375000,1.000000,0.416667,0.166667,0.333333,0.083333,0.833333,0.090909,0.000000,0.583333,0.333333,0.083333,Fair
0.250000,0.273684,1.000000,0.000000,0.000000,0.000000,0.125000,1.000000,0.000000,1.000000,0.000000,0.000000,Weak
0.375000,1.000000,0.416667,0.166667,0.333333,0.083333,1.000000,0.000000,0.000000,0.583333,0.333333,0.083333,Fair
0.906250,1.000000,0.793103,0.034483,0.068966,0.103448,0.448276,0.071429,0.035714,0.827586,0.166667,0.083333,Strong
0.312500,0.378947,0.800000,0.000000,0.200000,0.000000,0.900000,0.111111,0.000000,0.800000,0.166667,0.000000,Weak
0.312500,1.000000,0.400000,0.100000,0.400000,0.100000,1.000000,0.000000,0.111111,0.500000,0.333333,0.083333,Fair
0.500000,1.000000,0.375000,0.312500,0.125000,0.187500,0.937500,0.000000,0.000000,0.687500,0.083333,0.083333,Strong
0.156250,0.378947,0.800000,0.000000,0.200000,0.000000,1.000000,0.000000,0.750000,0.800000,0.083333,0.000000,Weak
0.656250,1.000000,0.428571,0.285714,0.190476,0.095238,0.857143,0.000000,0.000000,0.714286,0.083333,0.083333,Strong
0.906250,1.000000,0.793103,0.034483,0.068966,0.103448,0.655172,0.071429,0.035714,0.827586,0.166667,0.083333,Strong
0.218750,0.273684,1.000000,0.000000,0.000000,0.000000,0.142857,1.000000,0.000000,1.000000,0.000000,0.000000,Weak
0.781250,1.000000,0.280000,0.440000,0.240000,0.040000,0.840000,0.041667,0.083333,0.720000,0.166667,0.083333,Strong
0.718750,1.000000,0.391304,0.304348,0.130435,0.173913,0.869565,0.000000,0.090909,0.695652,0.083333,0.083333,Strong
0.281250,0.378947,0.888889,0.000000,0.111111,0.000000,0.888889,0.125000,0.000000,0.888889,0.083333,0.000000,Weak
0.531250,1.000000,0.235294,0.529412,0.117647,0.117647,0.941176,0.000000,0.062500,0.764706,0.166667,0.083333,Strong
0.343750,1.000000,0.363636,0.181818,0.363636,0.090909,0.909091,0.000000,0.000000,0.545455,0.333333,0.083333,Fair
0.281250,1.000000,0.555556,0.111111,0.222222,0.111111,1.000000,0.000000,0.125000,0.666667,0.166667,0.083333,Weak
0.156250,0.105263,0.000000,0.000000,1.000000,0.000000,1.000000,0.000000,0.750000,0.000000,0.416667,0.000000,Weak
0.812500,1.000000,0.769231,0.038462,0.076923,0.115385,0.653846,0.040000,0.080000,0.807692,0.166667,0.083333,Strong
0.812500,1.000000,0.769231,0.038462,0.076923,0.115385,0.500000,0.000000,0.000000,0.807692,0.166667,0.083333,Strong
0.781250,1.000000,0.400000,0.480000,0.040000,0.080000,0.840000,0.083333,0.000000,0.880000,0.083333,0.083333,Strong
0.906250,1.000000,0.793103,0.034483,0.068966,0.103448,0.586207,0.035714,0.035714,0.827586,0.166667,0.083333,Strong
0.843750,1.000000,0.777778,0.037037,0.074074,0.111111,0.592593,0.076923,0.000000,0.814815,0.166667,0.083333,Strong
0.281250,1.000000,0.555556,0.111111,0.222222,0.111111,1.000000,0.000000,0.125000,0.666667,0.166667,0.083333,Weak
0.250000,0.378947,0.750000,0.000000,0.250000,0.000000,1.000000,0.000000,0.142857,0.750000,0.166667,0.000000,Weak
0.562500,1.000000,0.444444,0.333333,0.111111,0.111111,0.888889,0.058824,0.117647,0.777778,0.083333,0.083333,Strong
0.375000,1.000000,0.416667,0.166667,0.333333,0.083333,0.916667,0.090909,0.181818,0.583333,0.333333,0.083333,Fair
0.343750,1.000000,0.454545,0.090909,0.363636,0.090909,0.909091,0.000000,0.100000,0.545455,0.333333,0.083333,Fair
0.875000,1.000000,0.785714,0.035714,0.071429,0.107143,0.607143,0.037037,0.000000,0.821429,0.166667,0.083333,Strong
0.281250,0.105263,0.000000,0.000000,1.000000,0.000000,0.111111,1.000000,0.000000,0.000000,0.750000,0.000000,Weak
0.812500,1.000000,0.384615,0.461538,0.115385,0.038462,0.769231,0.000000,0.000000,0.846154,0.083333,0.083333,Strong
0.281250,0.378947,0.777778,0.000000,0.222222,0.000000,0.777778,0.125000,0.000000,0.777778,0.166667,0.000000,Weak
0.218750,0.105263,0.000000,0.000000,1.000000,0.000000,0.142857,1.000000,0.000000,0.000000,0.583333,0.000000,Weak
0.312500,1.000000,0.500000,0.100000,0.300000,0.100000,0.900000,0.000000,0.000000,0.600000,0.250000,0.083333,Fair
0.343750,1.000000,0.454545,0.090909,0.363636,0.090909,1.000000,0.000000,0.100000,0.545455,0.333333,0.083333,Fair
0.781250,1.000000,0.560000,0.160000,0.080000,0.200000,0.800000,0.041667,0.041667,0.720000,0.083333,0.250000,Strong
0.312500,1.000000,0.600000,0.100000,0.200000,0.100000,0.900000,0.000000,0.111111,0.700000,0.166667,0.083333,Weak
0.312500,1.000000,0.400000,0.100000,0.400000,0.100000,0.900000,0.000000,0.000000,0.500000,0.333333,0.083333,Fair
0.687500,1.000000,0.454545,0.409091,0.045455,0.090909,0.863636,0.000000,0.047619,0.863636,0.083333,0.083333,Strong
0.781250,0.894737,0.400000,0.520000,0.000000,0.080000,0.800000,0.000000,0.083333,0.920000,0.000000,0.083333,Strong
0.125000,0.273684,1.000000,0.000000,0.000000,0.000000,0.250000,1.000000,0.000000,1.000000,0.000000,0.000000,Weak
0.343750,1.000000,0.454545,0.090909,0.363636,0.090909,1.000000,0.000000,0.000000,0.545455,0.333333,0.083333,Fair
0.843750,1.000000,0.777778,0.037037,0.074074,0.111111,0.592593,0.000000,0.076923,0.814815,0.166667,0.083333,Strong
0.593750,1.000000,0.315789,0.263158,0.157895,0.263158,0.894737,0.055556,0.000000,0.578947,0.083333,0.083333,Strong
0.156250,0.105263,0.000000,0.000000,1.000000,0.000000,1.000000,0.000000,0.750000,0.000000,0.416667,0.000000,Weak
